date,trend,seasonal_7,seasonal_30,seasonal_91,seasonal_365,resid
2013-01-01,8.320193126023456,0.01819801665818304,0.0693290835894303,0.09549527275849704,-9.717199169862603,1.2139836708330378
2013-01-02,8.320909206892996,0.30528802926155496,0.11369761386781262,0.03285290051843437,0.14990264042401533,-0.010965681644904635
2013-01-03,8.321625367809007,-0.05205563844146621,0.11294583731048967,-0.008194212784009228,0.3007329573241553,0.0032783388332617847
2013-01-04,8.322341608967264,0.18239954135717085,0.013871329651529464,0.20567963465919534,-0.07988581705375246,0.04183389917324476
2013-01-05,8.323057930561422,0.21688670270968394,0.08384135518962149,0.015158264482082556,0.07966048216694571,0.03283573404747919
2013-01-06,8.32377433277788,-0.761829770928622,0.02351078730770221,0.03523723893484551,0.06149836933856538,0.014061226588681919
2013-01-07,8.32449081579549,0.08681622731313733,0.047083847914398284,0.06294235834872945,0.2353972559823208,-0.03221034795101829
2013-01-08,8.325207379791356,0.026737879682054315,-0.008800419132472988,0.028477436689500167,0.3095094161072886,-0.050934690608963606
2013-01-09,8.325924024948902,0.30075548836078114,-0.017071984689020974,0.07884687945088743,0.1736954902013555,-0.03606432336054333
2013-01-10,8.32664075146168,-0.03743384151077992,-0.0651162435367148,0.06872336097858558,0.2163710060660064,-0.041452080661722235
2013-01-11,8.32735755953241,0.1784307053535179,-0.03180256167379731,0.06377138961915514,0.04059603352148352,0.033243648578993756
2013-01-12,8.328074449370025,0.19508014720168548,-0.05980324966196501,-0.03525913556067226,0.17235778743148836,0.006361381935748867
2013-01-13,8.328791421179869,-0.766044836713468,0.0076403159192567766,-0.037460738619757794,0.403742015150071,-0.037559962129947166
2013-01-14,8.329508475166561,0.09780543380028668,-0.03910831350439709,0.05305262354979679,0.2471396319366717,-0.048511916682278056
2013-01-15,8.330225611541685,0.03443905574687118,0.023875788923696302,0.036279220950990225,0.09942129564507542,0.033167437076814466
2013-01-16,8.330942830524505,0.29697803835112196,-0.0005824809061254835,-0.01455624165424595,0.24931772680640724,-0.04708677093159608
2013-01-17,8.331660132332518,-0.022552776598736654,-0.015915762794577522,0.046289971027100585,0.19992922778720362,-0.03358718986172704
2013-01-18,8.332377517190428,0.1748616972895714,-0.04701707668887954,0.06834018565452969,0.14710661803849753,0.011119165656111818
2013-01-19,8.333094985328907,0.17401956334779464,-0.027975472969504922,0.03059799072718982,0.1351901078307315,0.037127021848350594
2013-01-20,8.333812536977263,-0.770025793959612,0.022440147435583993,0.013016205363536131,0.20244796122037353,-0.030145808211504033
2013-01-21,8.334530172359406,0.10771405124541192,0.006805353069415959,0.035767322133423055,0.05419551058844091,0.022886811740603363
2013-01-22,8.335247891701869,0.040950304619637834,0.03176648839999276,-0.010642573205796566,0.18201148838255773,-0.0038741418709715703
2013-01-23,8.335965695228664,0.2932668166531451,-0.015503432857926557,0.05542510929282091,0.05217062046415645,0.0206659253513628
2013-01-24,8.336683583162687,-0.007323023948789571,0.003014205550377222,0.009712254337442208,0.1875852699397028,-0.040359365394250446
2013-01-25,8.337401555725403,0.17201426669621966,-0.030547802488572723,0.04123376655673402,0.10303609720981613,0.003573348875704596
2013-01-26,8.338119613142961,0.15441684513068946,-0.04066499009565967,0.014547196639795874,0.09011083676732,0.01729484436098261
2013-01-27,8.338837755641954,-0.7739818864585929,0.025520240560879356,0.004349576511436104,0.2818437169254827,-0.07666117885968404
2013-01-28,8.339555983448546,0.11690361478411485,-0.05042137285953509,-0.019014925611600224,0.16572495797014833,-0.04000334525467508
2013-01-29,8.340274296800072,0.046270884422935615,-0.11127270566394976,0.05548677253831955,0.08345714853834925,0.037373386958988064
2013-01-30,8.340992695941294,0.28909579401283736,-0.01088449727475467,-0.07586484281385089,0.18596456396045727,-0.010004802542360025
2013-01-31,8.341711181112522,0.0075011518626473955,0.05651237929675422,0.07868977997971185,-0.059886946572958094,0.03367480108010312
2013-02-01,8.342429752553373,0.16976336446928272,0.10133081817581596,-0.0054838638963180105,0.05466141743294245,0.00011106552152106985
2013-02-02,8.343148410498285,0.13644789650906616,0.10161365630883971,-0.0420034414444778,0.10039365500170236,0.010009612764903864
2013-02-03,8.343867155180034,-0.7780662610226865,0.01893018883599419,0.026180554991506524,0.06530147323563489,0.050873881243937547
2013-02-04,8.344585986827743,0.1253011657381537,0.08695345597811756,-0.03881049542412495,0.08122354401120731,0.02680129343026927
2013-02-05,8.34530490566195,0.05130131599523215,0.020281988890280076,0.011680973244849794,0.05623949387690974,0.048609375918514885
2013-02-06,8.346023911895166,0.2875930702160367,0.04769062917756674,-0.059157114306613884,0.06350936843892963,0.03176552549563816
2013-02-07,8.346743005730799,0.01981835642035275,0.002447572359412682,-0.09628706829426174,0.1425690528756725,-0.013903046429096122
2013-02-08,8.347462187366169,0.1677633011868828,-0.011777631043865273,-0.06476651546201898,0.2625778931243515,-0.07166421641988308
2013-02-09,8.348181457001454,0.11869823601347235,-0.05785668105552047,-0.09977792413399861,0.17091981583920715,-0.08252761851155554
2013-02-10,8.348900814849408,-0.7795452684830824,-0.027214726764065625,-0.10269103780645235,-0.2869774128360012,-0.062283039511363825
2013-02-11,8.34962026113807,0.13294117117430096,-0.05628690053196431,-0.04003536425544016,-1.1868904551769206,0.005358043606859653
2013-02-12,8.350339796106292,0.054244852642129256,0.004660336901525928,-0.07254039252349771,-0.8152081211819594,0.0030728546858274086
2013-02-13,8.351059419993735,0.2894083850595097,-0.02899486338022364,-0.04008713830755319,0.11031824310921397,0.0380584913701405
2013-02-14,8.351779133037722,0.027549214907773657,0.012524356639687675,-0.00048561686758976687,0.11085449513248909,0.015009207659298696
2013-02-15,8.352498935469159,0.16574613979143785,-0.006525468018880289,-0.038126466594107886,0.08100496412867216,0.03747766927692808
2013-02-16,8.353218827513894,0.11355407677662392,-0.013919715537420429,-0.03602037718650901,0.210006953843873,0.008382653576664012
2013-02-17,8.35393880939081,-0.7795881911961242,-0.03923725043723315,-0.07371553995374633,-0.031761165943573956,0.03663723767507321
2013-02-18,8.354658881314922,0.12996558861700078,-0.025491059395382164,-0.06286731455275432,0.13723375480933794,0.05037562849985555
2013-02-19,8.35537904349337,0.05580687900785744,0.01982786991371334,-0.029264312568156765,0.12265566998991372,0.037898682694399
2013-02-20,8.356099296123421,0.2870306649670638,0.001911985910990472,-0.0969779684210919,0.10687706919848933,0.048743328769752736
2013-02-21,8.356819639392839,0.03231846680290221,0.02698707829002234,0.006245587453330741,0.07256484812613857,0.08555738811098834
2013-02-22,8.357540073478315,0.1662850618744923,-0.016922198708277405,-0.10473156481726731,0.14348003651233093,0.11694171546619181
2013-02-23,8.35826059853966,0.11830504462617072,0.0049052161698900365,-0.14016379542407206,0.17197459524999342,0.08604233857810151
2013-02-24,8.35898121471695,-0.7823773481656332,-0.03433484131380729,-0.09032225183343062,0.18923150182217033,0.09805553867035322
2013-02-25,8.359701922131906,0.12327801044747037,-0.03955797996816639,-0.028312672855354572,0.12080388428237622,0.04599509243078437
2013-02-26,8.360422720889137,0.05733654926191728,0.021786594260763643,-0.09358595489676105,0.05155931256467233,0.06019547371644762
2013-02-27,8.36114361108112,0.2786220091956424,-0.04832490310278087,0.014645257927905633,0.011087379651679257,0.09162202767080707
2013-02-28,8.361864592787033,0.03352391924590628,-0.09699851472741325,-0.0798064263615522,0.2172003583244035,0.08354538102055287
2013-03-01,8.362585666068885,0.17068746754570097,-0.010907921359388692,-0.02418700800919243,0.13520933579767502,0.05633879087130289
2013-03-02,8.363306830972434,0.1326716238794241,0.04302664760822727,-0.0006671935105520468,0.13488947679196783,-0.0044352819461561666
2013-03-03,8.364028087532747,-0.7854581101259065,0.08900811196918401,-0.04638679485139425,0.1350190065009041,0.04265204669479594
2013-03-04,8.36474943578071,0.11622380479010887,0.09007101331153033,0.029049062301002834,0.10454992428275864,0.01066151993056863
2013-03-05,8.365470875740288,0.060794174998689415,0.024035558809554807,-0.06046011158027515,0.0792309321252667,0.04203004644657149
2013-03-06,8.366192407430422,0.2666027169953477,0.09008051821878452,0.04737963749612252,0.05733539683444837,0.0039077250629269145
2013-03-07,8.366914030862345,0.027793746801886152,0.01739220080309212,-0.04241225649038927,0.21776077420912854,-0.03102093786360527
2013-03-08,8.367635746045652,0.17532941074140038,0.047920212751179594,0.05010765741370316,0.12577249741509827,-0.06530666749466008
2013-03-09,8.368357552994693,0.14548050684632263,0.013195746478810534,0.05972045580208883,0.042409274252515325,0.013165327030254304
2013-03-10,8.369079451731983,-0.7864778833808735,-0.007286551501064865,0.08086990899432218,0.24045661937825397,-0.03245063302193074
2013-03-11,8.369801442280034,0.1142974878178831,-0.05169346750913517,0.006329070412396286,0.22347442442307408,-0.04863380077094881
2013-03-12,8.370523524666119,0.066532140485763,-0.022876221270879512,0.04171134672521887,0.05053814085430432,0.003958150852565012
2013-03-13,8.371245698923504,0.2627834578654782,-0.05257852152031325,-0.07082838339840825,0.2780579449755359,-0.0761215562967319
2013-03-14,8.371967965087782,0.01424414194804069,0.001827425716137688,0.028507237787432527,0.042480914084788005,-0.03435030090918545
2013-03-15,8.372690323204134,0.175681560498723,-0.018707327056133025,0.028251356626844547,0.13204004018804277,-0.05240916644430982
2013-03-16,8.373412773325184,0.14796030831239465,0.001641979391875683,0.08579391942311158,0.01943176578253033,0.03745503309625953
2013-03-17,8.374135315509353,-0.785842202048287,-0.012415851151958986,0.07098863668981317,0.14854865007720755,-0.07246659640372854
2013-03-18,8.374857949812803,0.11362557938488606,-0.012187373162830336,0.046330782159380905,0.09116252521475694,-0.0646432508035204
2013-03-19,8.375580676300538,0.071970876012368,-0.031447190089862555,-0.004707360170755275,0.05708044822304801,0.0373012449406005
2013-03-20,8.37630349504575,0.26842720401558673,-0.022670071820440646,-0.053280871177135175,0.22837058892784548,-0.06534234884423107
2013-03-21,8.377026406119962,7.857357321135704e-05,0.01693162115982457,0.005049659622027423,0.16365751172527848,-0.026099191635371
2013-03-22,8.377749409601165,0.17673131379197057,-0.002726840905234132,0.0002470670272171826,0.16791853916787094,-0.05498428055137339
2013-03-23,8.378472505573852,0.14287871262136378,0.02286634624435407,0.04397534152386837,-0.01002305946706204,0.03789010169056617
2013-03-24,8.379195694127764,-0.7827003708155738,-0.01838387643560718,-0.03763732982377932,0.12519825075794505,-0.036240762154694295
2013-03-25,8.379918975349675,0.11303980518985196,0.006762554814320778,-0.008290327670417836,0.09906983100436025,-0.027490853475551802
2013-03-26,8.380642349329435,0.07527716109364216,-0.03754345659163885,0.12942715462211246,-0.11159759986223909,0.042927603759116195
2013-03-27,8.381365816159196,0.2762840684565533,-0.038151916864135,-0.0745656687367235,0.31752570525611157,-0.10021027017145201
2013-03-28,8.382089375928148,-0.009591263259872456,0.01762496446359595,0.02574361922434557,0.2578703450580385,-0.027674759030748675
2013-03-29,8.382813028735526,0.17989064530559848,-0.04551799894992105,0.19275390768906062,-1.130359586438377,0.022686033116039894
2013-03-30,8.383536774685139,0.1326137927010593,-0.08209457527273344,0.0039344936349502806,-0.06317430669864248,0.0041098522474509736
2013-03-31,8.384260613877444,-0.7738098789386744,-0.011402198926637675,-0.02712286252875188,0.08458245423194377,-0.0341529324668528
2013-04-01,8.384984546411381,0.11303711818485125,0.029028146619287182,0.0029564229118407676,0.126534991744787,0.06699615444404472
2013-04-02,8.385708572387134,0.07643139953345356,0.07677429783836198,0.09816171122426952,0.020114391559337357,0.00413519679321972
2013-04-03,8.386432691896148,0.28124694562997155,0.0785685197944417,0.03229645022956993,0.028091586266812275,0.05782121926995387
2013-04-04,8.387156905024147,-0.012854829002713963,0.029013037115382778,-0.0022449413992660953,0.15974776558231174,-0.06433819587286926
2013-04-05,8.387881211850296,0.18419730603375284,0.09321850988194652,0.10233449800860046,-0.018592988594585788,0.00020672658142828482
2013-04-06,8.388605612458607,0.1213543374707164,0.014803790421028171,0.02688105830925964,0.06826889072905959,0.009730659562530164
2013-04-07,8.38933010693331,-0.7636008119358194,0.04772808236461159,0.03199159953644089,0.01753700257133648,0.04543737862619324
2013-04-08,8.390054695354829,0.11125061446222236,0.023410177587159228,0.05959734974411995,-0.042200598564213966,0.04817898659828401
2013-04-09,8.390779377794392,0.0764487570746393,-0.0035980063393303997,0.02644945705880095,-0.07559936784526804,0.06279368908750804
2013-04-10,8.39150415431267,0.28297798056606766,-0.04653389698424773,0.07185832624618424,0.041669567169401074,0.08855315087943616
2013-04-11,8.392229024957066,-0.010899805108533167,-0.01864072263289783,0.07527645061534516,-0.08843040016394677,0.10630629470352915
2013-04-12,8.392953989758386,0.1886619690935595,-0.04857831822867913,0.057795811412194746,0.058955206469881526,0.08466360458529998
2013-04-13,8.393679048729132,0.11302468438642062,-0.0008446392849550816,-0.03500075978553526,0.05928020658637309,0.08144659095430562
2013-04-14,8.394404201864726,-0.7580757983639657,-0.00821594746247424,-0.038217066704384225,0.03552022232610197,0.07574884173878083
2013-04-15,8.39512944914491,0.1055224418191972,-0.008556514717806434,0.05612912073400395,-0.023434354830545012,0.08106536271024645
2013-04-16,8.395854790533706,0.07614385168017337,-0.018299995533670434,0.039360982630069756,0.008415035090181263,0.08688689705545372
2013-04-17,8.396580225979351,0.28316723919343867,-0.01084738603509736,-0.007225146227403565,0.020807732276031332,0.05115053895190158
2013-04-18,8.397305755414001,-0.002709713632819667,-0.023730779963774658,0.03927241093439839,-1.6708958226928705,1.7790813019113507
2013-04-19,8.398031378759445,0.196147902432803,-0.01969948392847865,0.07936689807057673,-1.197971554001834,1.1272741285120347
2013-04-20,8.398757095933957,0.11006161278456425,0.01363392777709869,0.033590993848094934,0.09846063328127791,0.004287617096142782
2013-04-21,8.399482906853523,-0.7632297301470661,-0.007145803819484415,0.02498522366680393,0.01654670156403487,0.13331828460513506
2013-04-22,8.400208811428483,0.09595329213117267,0.01950620545566565,0.036064710072703246,-0.03213176727649279,0.09395084203444704
2013-04-23,8.400934809551146,0.07785030224102707,-0.01982999332638751,-0.014867461472110662,0.03368455592144641,0.056522510140309734
2013-04-24,8.401660901096133,0.2778845557595771,0.008448546033800321,0.052077992816067176,0.03284288264804458,0.09679219176468479
2013-04-25,8.40238708592383,0.014359645793301179,-0.040161028075513874,0.010897220314235099,0.010027660780815758,0.06280808237446855
2013-04-26,8.403113363878118,0.20617342879465372,-0.03675617919260671,0.037642402697142995,0.0547365043195225,0.08617818299215685
2013-04-27,8.403839734787931,0.11017854543616924,0.013124787749365463,0.011328148597221976,-0.038106973413094214,0.08170597272249935
2013-04-28,8.404566198466133,-0.7770792476327362,-0.04201702007884769,0.008524900546480186,0.13139969034795204,0.06956865367564014
2013-04-29,8.40529275470912,0.08940796414672732,-0.06680293459044365,-0.020532371222505123,-0.023715613595702786,0.025881786388906036
2013-04-30,8.406019403299904,0.07988492689581357,-0.012458792718620536,0.060016129946711204,-0.0018046631222367352,0.07703511330999468
2013-05-01,8.4067461440115,0.2647460596619867,0.014665861916704511,-0.06973070140171962,-0.7276356668161718,0.004381044544686574
2013-05-02,8.40747297660476,0.03872289452975321,0.06456790951611567,0.07748033763995994,-0.016693458325231607,0.06775874310298313
2013-05-03,8.408199900833093,0.21425185915600356,0.0672024193544881,-0.0075375150695269,0.14095796014514292,0.038013615261380806
2013-05-04,8.408926916438306,0.11109911124770354,0.033572383425652406,-0.04539682864767592,0.08415693963011593,0.073071378332358
2013-05-05,8.409654023150848,-0.8019363000082153,0.09637191421617843,0.01044469038602228,0.09325087956512082,0.10240326980902559
2013-05-06,8.410381220686167,0.09393308568662496,0.012522424167607103,-0.05184401660563566,0.14189733153069184,0.061295529320508635
2013-05-07,8.411108508742178,0.07767785393649347,0.04717211073412462,0.0017766956429620129,0.030973435661954932,0.05966077848118623
2013-05-08,8.411835887002118,0.25402543216415774,0.03308816144034312,-0.06387735205102653,0.04522425034460094,0.07629537258619656
2013-05-09,8.412563355135708,0.05879601880146547,-0.0006127583600101455,-0.09057486050364615,0.07386048917442883,0.07318295862065938
2013-05-10,8.41329091279704,0.22270605610837338,-0.04200970529603105,-0.06736733134549613,0.1252243737902786,0.07014824614399373
2013-05-11,8.41401855962479,0.11354606548196176,-0.014263139267693941,-0.09498980121600036,0.22454004214379103,0.10392423959249975
2013-05-12,8.414746295241681,-0.8346228235720293,-0.044075848586031634,-0.10141817695483053,0.07070919232754229,0.04718889569276108
2013-05-13,8.41547411925304,0.10441544918328358,-0.0033134167185708127,-0.0464146883777562,0.1551335429573298,0.012098563313756472
2013-05-14,8.416202031252208,0.07479285906917828,0.0025054666278720534,-0.07560903647410663,0.08888319753354514,0.11105555113321408
2013-05-15,8.416930030823705,0.25203641021836465,-0.017882939150257984,-0.039914387530045496,0.015234892444165931,0.0567675832383312
2013-05-16,8.417658117535076,0.07042284641669026,-0.024140028520433864,-0.009168478989653013,0.07538334490419636,0.07510852198798545
2013-05-17,8.4183862909391,0.23178380894094333,-0.009799042452738427,-0.048075002011555366,0.013760031732396842,0.09712758897388696
2013-05-18,8.419114550572434,0.11543612636739227,-0.016140297998329868,-0.03764436708679554,0.1299162422518887,0.03442699340106792
2013-05-19,8.419842895954629,-0.8648037761982843,-0.016706675776618614,-0.0717424265105823,0.10575554608718961,0.04744342241708743
2013-05-20,8.420571326593564,0.11705130213058029,0.009842484099516331,-0.059176461040422255,0.0642966500098339,0.008157871799211236
2013-05-21,8.421299841986905,0.07424890740008991,-0.011232478650701178,-0.03229895745702856,0.009550105887620237,0.042332608350365675
2013-05-22,8.422028441625102,0.25754507749976513,0.016927292242322516,-0.09876613946516184,0.05308874361150941,0.031520249848135506
2013-05-23,8.422757124988596,0.07150884268876559,-0.02121996883204921,-0.004977996384209936,0.01961937916582227,0.11147558255653855
2013-05-24,8.423485891546584,0.23521078882896534,0.00981942447708819,-0.1063535735672003,-0.845992833725009,-0.021677173127434557
2013-05-25,8.424214740752733,0.11003846346428497,-0.04223476070419077,-0.13034436481784312,0.012422560906980875,-0.017828823594950194
2013-05-26,8.424943672057202,-0.8827360188683149,-0.03544069764175568,-0.08458906711005751,-0.032348680338579475,0.0020686474579516556
2013-05-27,8.425672684909078,0.13277385430036195,0.008472236853156017,-0.034878291973053754,-0.05842129948352219,0.0818537004203801
2013-05-28,8.426401778751517,0.07805176975371592,-0.03799094447249405,-0.09547179059025378,0.1969529733632081,-0.02419493963493302
2013-05-29,8.42713095301568,0.2670586154640849,-0.05137487237599964,0.007727378344013385,0.1696404241100281,-0.012325733784175341
2013-05-30,8.427860207129703,0.06416203401321907,-0.014023035724690517,-0.07763212933353014,0.06969037688911006,0.037136916413581744
2013-05-31,8.428589540518958,0.23062529639753365,-2.430284100119181e-05,-0.026423754362017885,0.04748681342016009,0.04508938277454
2013-06-01,8.429318952599417,0.10143453472734161,0.052413059788878766,-0.0035483903817410726,0.09742092364721339,0.05227796793070816
2013-06-02,8.430048442775643,-0.8867660042036843,0.05576228449598275,-0.042395919486606,-0.07895355630176562,-0.021466020780851025
2013-06-03,8.430778010441067,0.1465935893993989,0.03754523968425081,0.037509223690922085,0.07473412132539808,0.02164380962575585
2013-06-04,8.431507654985678,0.08642716530451919,0.09962510329312636,-0.04890504715908912,0.0732566007162719,0.039878952592790284
2013-06-05,8.432237375792283,0.2744353797801774,0.01064601482576622,0.05622387409486288,0.05875927458152677,0.05822980429675262
2013-06-06,8.432967172232445,0.050611717549369106,0.04634175514528934,-0.03154836319958482,0.08122655679727588,0.044946643827284305
2013-06-07,8.433697043664726,0.22144219089784092,0.04230165931535769,0.06056122889813306,-0.015088037914108954,0.06778583272746097
2013-06-08,8.43442698943459,0.09866948046503979,0.0018061194709967224,0.06044130822756989,0.03675839958350723,-0.012564633798273661
2013-06-09,8.435157008874624,-0.8774081334841632,-0.03770002909823756,0.07791779483069165,0.08841570905399168,0.06837746046148219
2013-06-10,8.435887101310795,0.15081726629306885,-0.009567377440376975,0.011792885370693118,0.02465632369060826,0.0354435243510558
2013-06-11,8.43661726605639,0.09627133024453703,-0.038946587543708416,0.04775962272827202,-0.002242862305657049,0.04896462902113541
2013-06-12,8.437347502412647,0.2753154154794606,-0.00559304008586948,-0.05694745521166735,0.02958030411995568,0.05277892380044946
2013-06-13,8.438077809668275,0.03383300841281975,0.013380853807185686,0.038215932770061585,-0.08700520423126623,0.026896054813670744
2013-06-14,8.438808187099127,0.21255145040323858,-0.0262587525327055,0.03133443565500224,0.02163959261233366,0.03105231998400626
2013-06-15,8.439538633970908,0.10393939956675174,-0.02993912986214274,0.08648003732174356,0.0314898542609807,-0.027461804100349596
2013-06-16,8.440269149540883,-0.8603744390536024,-0.008793081220437223,0.08242060718234762,-0.09398410425541234,0.033369453342569244
2013-06-17,8.440999733062938,0.14521324045223583,-0.008570959053608752,0.05116653194074498,0.015807774954409735,0.049155470938805124
2013-06-18,8.441730383781689,0.10588236227334173,-0.01361792799827605,0.012678019180416757,-0.05225569128489452,0.042108954616706384
2013-06-19,8.442461100929062,0.26995205848629544,0.005629331112724962,-0.040002305137529955,0.09290111530944578,0.04619172915093728
2013-06-20,8.443191883724577,0.01993627970970109,-0.014888335202260052,0.00932174811235679,-0.01774568847826374,0.021195871131901356
2013-06-21,8.443922731375753,0.20699627864409287,0.014959475442768174,0.01656196759049787,-0.06504944207789717,0.014814447728211277
2013-06-22,8.444653643080537,0.11002378610270214,-0.02258267709009173,0.05442957897801067,-0.00869626910759706,-0.010197112026238742
2013-06-23,8.445384618030197,-0.8447429371518299,0.01070430988773481,-0.0254326672284721,0.07009279902106304,0.04427368916307017
2013-06-24,8.446115655409892,0.13665517869210445,-0.043828268998829724,0.0005898535475464058,-0.023853287867588772,0.04581090685720213
2013-06-25,8.446846754393652,0.11531702386982275,-0.034049222099913824,0.12879149532725034,-0.02423572981006637,0.015394453201723834
2013-06-26,8.447577914143528,0.2606579748644355,0.003900736262824845,-0.06788326854292613,-0.005239238521454888,0.05443124851484704
2013-06-27,8.448309133811462,0.017560268255932533,-0.03377294757703655,0.041875122737613624,0.041522908115828594,-0.03417554872388351
2013-06-28,8.449040412538421,0.20076450408366997,-0.03590203243539887,0.12096202239737824,-0.002549305155469016,-0.02525588884869734
2013-06-29,8.449771749463102,0.11009706114003387,-0.015924638877310167,0.0049554052287510645,0.02819992502165218,0.04016324904325863
2013-06-30,8.450503143721399,-0.838220925886824,-0.014925552593784834,-0.02515674016954916,0.08085969991500254,0.022718833130321414
2013-07-01,8.451234594439269,0.134376283841582,0.04036490454667671,0.00976688290578845,0.10267322768769624,-0.06618241799268354
2013-07-02,8.451966100734953,0.12001441486458744,0.043644888836464286,0.09972726211458305,-0.017203657613488656,-0.03448391562060671
2013-07-03,8.452697661728795,0.2492906409855494,0.04090343477803339,0.03182865512338579,0.10100054825028845,-0.0699840982636104
2013-07-04,8.45342927654311,0.026760026542574516,0.10304518541240673,0.002859762046967719,-0.039320216872538456,-0.004422778980501363
2013-07-05,8.454160944303416,0.19685566971866214,0.009401820434871205,-0.0022290768787951473,0.0503468839088442,-0.009077494844865086
2013-07-06,8.45489266413222,0.1073175868970484,0.04541731879239152,0.037888427892827974,-0.12974658197720715,0.032587890657989504
2013-07-07,8.455624435146646,-0.8428823021723048,0.05131923101803998,0.028497254863778614,0.02482944930466558,0.004956503555664682
2013-07-08,8.456356256454857,0.13527279470976128,0.003966601660250881,0.056099780420123556,0.0755349889771573,-0.06386993371634908
2013-07-09,8.457088127160143,0.11913195595781463,-0.03297344874733514,0.024245305633588662,0.09952321295956004,-0.09573196158932795
2013-07-10,8.457820046369422,0.23786950581859606,-0.004458224088476492,0.06493955885822741,0.0707989211940277,-0.10380559302716641
2013-07-11,8.45855201319786,0.04481936398406723,-0.03301910484067948,0.08136520340345034,0.08331107335043253,-0.13188803566327323
2013-07-12,8.459284026771176,0.20153654835784446,-0.007506469456069274,0.0519996315390278,-0.04578352692778128,-0.02865464611573465
2013-07-13,8.460016086224606,0.10502150514213786,0.02428901697572056,-0.03402204635375605,0.018366391303427095,-0.029383936749130868
2013-07-14,8.460748190695188,-0.8556267595438463,-0.03372700136184108,-0.038284860393561944,0.10395853279994215,-0.11792953905652048
2013-07-15,8.461480339321358,0.13798974113963158,-0.03569179921604247,0.05858735867126924,0.039778855247639126,-0.08376175729586599
2013-07-16,8.462212531250417,0.11360941296922895,-0.007277635288556761,0.04218499531694732,0.1285776834877051,-0.08104331914520735
2013-07-17,8.46294476563796,0.2322022768138124,-0.0004551182189084912,-0.00022774971151917514,0.07638953804614658,-0.09762647140762404
2013-07-18,8.463677041647408,0.06442809989168283,-0.009777815239386492,0.03191810437163256,0.0018519064708200986,-0.08308523541887247
2013-07-19,8.464409358451226,0.20974832295450452,0.0016504242888718459,0.08901017936674285,-0.02922973954758547,-0.001085425319981681
2013-07-20,8.46514171522775,0.0967219187457766,-0.017609642952686577,0.03656882022513629,0.04796791754792557,-0.09471721487744134
2013-07-21,8.465874111155022,-0.8695591766771652,0.013529149832902694,0.03658545886180892,-0.06997027304908432,-0.023345726167532277
2013-07-22,8.466606545416127,0.1465650171647879,-0.024003547365756366,0.0363745164778438,-0.0693108771989748,-0.0293652003074083
2013-07-23,8.467339017195151,0.10471235082126991,0.011539909040035358,-0.018840688033301897,0.15199616467886676,-0.07819063099795365
2013-07-24,8.46807152567685,0.23197057728357423,-0.04446565204620688,0.048348420312088435,0.05612930220215781,-0.0847482756737481
2013-07-25,8.468804070052457,0.07859680006297823,-0.03128269805391978,0.011780166809466041,0.10792428569221255,-0.09615254174748422
2013-07-26,8.469536649521379,0.21539162674612278,-1.6955839233279146e-05,0.033919007818490124,-0.053244524317466915,-0.02864457540386489
2013-07-27,8.4702692632908,0.08268141778311688,-0.029143334975570825,0.008366239794289455,0.06198969239070534,-0.07610306264126088
2013-07-28,8.471001910570797,-0.8761854555351998,-0.019581276981466247,0.012902094008852314,-0.09411224220936859,-0.0006220385650088645
2013-07-29,8.471734590575373,0.16017693253740267,-0.017220701197631874,-0.022312253275486162,0.120740921509737,-0.052670467103743235
2013-07-30,8.472467302517448,0.09690514643455302,-0.030043333361629697,0.06393355343441541,-0.17330022249796811,-0.025154609494141056
2013-07-31,8.473200045611359,0.23678227924429074,0.02788412124389871,-0.06350056463702128,0.07952900379383296,-0.054821901276286056
2013-08-01,8.47393281907247,0.08337857742276139,0.02827058462346979,0.07553252538205531,0.056469441689969355,0.0046495959961418976
2013-08-02,8.474665622117975,0.21716929178073197,0.043616902822108394,-0.00933268137249877,-0.12346979568764095,0.013258955494340086
2013-08-03,8.475398453960697,0.07019736601405163,0.10614014033186274,-0.048376974040269596,-0.009744754399471676,-0.00020527696491257075
2013-08-04,8.47613131380709,-0.8696503231758239,0.009053974687161027,-0.004376865498197933,-0.03756507507777796,-0.05662939185638116
2013-08-05,8.4768642008598,0.16952802334986988,0.043639020089615475,-0.06363419417929347,0.0014049107423181302,0.0018793841416666623
2013-08-06,8.477597114322782,0.08863711544258537,0.05934074940610788,-0.0069207477488996095,-0.12955337995104013,0.05407699553669687
2013-08-07,8.478330053394819,0.24291318497132308,0.004293810251777094,-0.06716807549972122,0.034402818962300366,-0.0010555399148639566
2013-08-08,8.479063017263824,0.08105804838068596,-0.03023992740201931,-0.08418399183540666,-0.02493277195640667,0.04309006363140888
2013-08-09,8.479796005109982,0.21772834628687776,-0.0005846560825329451,-0.06925455004101218,-0.0043327840093281885,0.012771828869055923
2013-08-10,8.480529016103343,0.0655894035164567,-0.027215493024312705,-0.0905968796311188,-0.2511523275034437,-0.00573820743529474
2013-08-11,8.48126204940621,-0.8514448159698025,-0.009800826917910514,-0.1001145437912109,0.03092733655487449,-0.02054020924047606
2013-08-12,8.481995104176399,0.172190044202848,0.034055907187757924,-0.052439576759110935,-0.05819461785847786,0.040323756093100016
2013-08-13,8.482728179568047,0.07796521407821984,-0.04173169033951189,-0.07839810812117312,0.008342182358602932,-0.011918590466992285
2013-08-14,8.483461274726368,0.24558829904763968,-0.042684806065167044,-0.03918936930650915,-0.007930165689823545,0.009337033202603706
2013-08-15,8.484194388790804,0.07088736343950891,-0.006296938469085189,-0.017131840156116747,-0.03300264328503846,0.013611522005739118
2013-08-16,8.484927520894729,0.21695202217010548,0.007738686166410238,-0.057017102067225454,-0.020273687486914688,0.019484224777576387
2013-08-17,8.48566067016348,0.06740400276013854,-0.00493459379229717,-0.0379718529120487,-0.05000648624712089,0.041114080815862764
2013-08-18,8.486393835713004,-0.8274267049232825,-0.0031076469151176955,-0.06923540895320841,-0.08604543221778961,0.01930897012419841
2013-08-19,8.487127016647952,0.1688944532352585,-0.0203902699975221,-0.054662146614934896,-0.08409376759130475,0.04564816864351684
2013-08-20,8.487860212062632,0.07095248447753881,0.010549661758223843,-0.03471821591260338,-0.11030812869849067,0.022235121841493566
2013-08-21,8.488593421039218,0.2447109265077879,-0.028855810096127733,-0.09980792204574826,-0.008932167226980713,0.02275205314739992
2013-08-22,8.489326642649468,0.05599766496825534,0.010276218807208045,-0.015086520282706297,-0.08375159896718799,-0.02957291984238175
2013-08-23,8.490059875956709,0.21270009752777302,-0.04583165441647148,-0.10649810061626817,0.08475317804100985,0.009377505678227038
2013-08-24,8.490793120020584,0.07105413466047032,-0.02706385259229998,-0.11993300743490913,-0.023743196818178373,0.04638152869649481
2013-08-25,8.491526373893274,-0.8007059154082865,-0.007284537611409729,-0.0780715852784308,0.0028943292888707495,0.03190920695730348
2013-08-26,8.492259636614136,0.16001872948186818,-0.026293691891197703,-0.0404534708424008,-0.0020579634879551315,-0.003329662740370054
2013-08-27,8.492992907211638,0.07169061127584261,-0.003446445756754464,-0.09650727283513533,0.07365948977383598,0.011253858434750796
2013-08-28,8.493726184706802,0.2407004053877251,-0.021490699756786993,0.001339653566985507,-0.0676545933603124,0.03017687794164914
2013-08-29,8.494459468112053,0.04229929161363904,-0.04697333816580376,-0.07448330854703397,0.034460441849153534,-0.0040249792853721544
2013-08-30,8.495192756429873,0.20155327153918,0.019629701382173147,-0.027933243495659427,-0.006628838143631821,0.012754720640065997
2013-08-31,8.495926048655102,0.07495748977425226,0.012183080113905724,-0.0055450206307238875,0.005284795658798223,-0.004719063720353134
2013-09-01,8.49665934377472,-0.7759589967225706,0.0370436167148696,-0.03835277486347716,0.21146703463395045,-0.06535707463861051
2013-09-02,8.497392640771016,0.1449855007756677,0.11345285285418107,0.04552217950212417,-0.14254427914130094,-0.024630674901029437
2013-09-03,8.498125938627403,0.08642401356389875,0.014912379535232802,-0.037002770771210364,0.16016065203357532,-0.11775099884228979
2013-09-04,8.498859236327931,0.23393491716936982,0.040033003349869804,0.06462557821715254,0.008104040493349951,-0.07655063725269073
2013-09-05,8.499592532864476,0.03770684156072751,0.06292168030186682,-0.020747040355650604,0.07446967011865838,-0.10279186582699928
2013-09-06,8.50032582723588,0.1863087619563694,-0.0036141442061694735,0.07022475390114431,0.053630657501533056,-0.08159378386687877
2013-09-07,8.501059118449358,0.07368113047087943,-0.03977721116649878,0.06071587873610712,0.08493313137664439,-0.07251199339494896
2013-09-08,8.501792405518927,-0.7589664414511778,0.006624799818648015,0.07513889006637353,-0.09993719007043572,-0.024016438512401095
2013-09-09,8.502525687463132,0.12705757945854962,-0.015664026518707942,0.017227470251437758,0.002683665615462587,-0.04989877275157184
2013-09-10,8.503258963300466,0.11177704041310221,-0.011971252102899971,0.05317569447826506,-0.15430906565216604,-0.019264418525406057
2013-09-11,8.503992232049994,0.22682005086061835,0.05022669897303115,-0.04273803630859944,0.08099761068836744,-0.10327024393076734
2013-09-12,8.504725492730906,0.04355215961173695,-0.03151169480648576,0.04711475388537827,0.09551787374271736,-0.0698607324563838
2013-09-13,8.505458744369248,0.17447781925823985,-0.0483213889869062,0.03414713556111901,0.06164506399712141,-0.04337926228797606
2013-09-14,8.506191985996454,0.0629440578538638,-0.014104108411910326,0.0868614341688345,0.04976308346692706,-0.10631931040181541
2013-09-15,8.506925216647558,-0.7483787204587802,0.01740332366634105,0.09243670104660326,0.06838458670554332,-0.09070962391813708
2013-09-16,8.507658435366157,0.11239041072564149,0.002969218251060342,0.055441927145767546,0.1080600112469555,-0.08681210817934648
2013-09-17,8.508391641204623,0.13182297456590963,-0.010339734885308597,0.029349316801118727,-0.11286238563033486,-0.02680361946102927
2013-09-18,8.509124833222053,0.2183104016498354,-0.01892304153830343,-0.02671973286104207,0.02533264735043721,-0.06881205415366409
2013-09-19,8.509858010479299,0.055135348205162624,0.01829507645851931,0.013465804374979871,0.022286740908354263,-0.08890826885197534
2013-09-20,8.510591172042389,0.1722517178700595,-0.038215626750462056,0.031958477144407804,0.04882755600467257,-0.09095151621026609
2013-09-21,8.511324316985649,0.047929507463523785,0.0062661586983229975,0.06433999095558371,0.06733368329023828,-0.07123898018005015
2013-09-22,8.512057444392127,-0.7399253167669315,-0.03646599397299395,-0.013481488451596756,0.07749922253150544,-0.09567894000359622
2013-09-23,8.51279055335266,0.10371208969209376,-0.021122329446205863,0.009092361071827933,0.13087467325571034,-0.12499738453386477
2013-09-24,8.513523642967993,0.14302592984783583,-0.019064853706243702,0.1276086483425472,-0.13610993233414487,0.0057228892230565265
2013-09-25,8.51425671234852,0.2100304585670601,-0.015766501628555658,-0.06086342240131255,0.1475003594492006,-0.06293674848299702
2013-09-26,8.514989760603688,0.062255851089280174,0.015545613257851653,0.056683185486792693,-0.05311559501302034,-0.03096267983789147
2013-09-27,8.515722786846036,0.17407065450564257,-0.034073343008163545,0.04751033465028157,0.1506663466619436,-0.1327477493203979
2013-09-28,8.516455790191927,0.037245073556665176,-0.0628596637658109,0.00540711684779314,0.1691243623653818,-0.09561910648594463
2013-09-29,8.517188769768943,-0.7314037622889256,0.014086510570909988,-0.022911919023451674,0.19307774736334962,-0.07081002532853198
2013-09-30,8.517921724715675,0.09952133193724558,-0.003649144111163325,0.015710788509437308,0.10415291767745542,-0.08231699597870623
2013-10-01,8.518654654179121,0.14683072106199613,0.02041272484242342,0.10026778855637868,-0.027346856545378745,0.02747812244905745
2013-10-02,8.51938755731217,0.20522405645916347,0.11903527869951072,0.03137249229229516,0.03245864348490523,-0.000995182175506315
2013-10-03,8.520120433262614,0.06283579571241767,0.020559239843646892,0.00705130448319508,0.0151694571991142,-0.025074326259353796
2013-10-04,8.520853281173753,0.1789540062037997,0.03387247618141703,-0.10802959997296771,0.29664847781513315,-0.09088174372923596
2013-10-05,8.521586100190339,0.03364417313579516,0.06173120568922313,0.048101220387805094,0.08117578065777008,-0.12343416079272629
2013-10-06,8.52231888946641,-0.7241639400283327,-0.012156811033594065,0.024755912744575108,0.08270532803218036,-0.059696332009567143
2013-10-07,8.52305164816883,0.10175554554534605,-0.05136018850982978,0.05249062145954327,0.0915441706769553,-0.057645081905281614
2013-10-08,8.52378437547208,0.1403957812013012,0.0182131874242073,0.02180294704290824,-0.03766875846355067,-0.012471902734858986
2013-10-09,8.524517070555975,0.19935185966361033,-0.0018977863352918414,0.058074616854049875,-0.009007853841003317,-0.05411440913713683
2013-10-10,8.525249732601244,0.05848319108502414,-0.015840671311048753,0.08686114404819394,-0.0839083431939252,0.017867362422173017
2013-10-11,8.525982360791485,0.18927013214704652,0.06886513691453985,0.04632638567553272,-0.4448165246674082,-0.03871194657086896
2013-10-12,8.526714954307053,0.03468760554165642,-0.012453915668970583,-0.032565779707008045,-0.12316687200529133,-0.09188393366269487
2013-10-13,8.52744751233148,-0.7160719445638737,-0.0507835269527868,-0.03787494558813894,0.11172553825576072,-0.0807886152839572
2013-10-14,8.528180034058538,0.11041020553302294,-0.019952183484538838,0.060391426758608445,-0.07501139510705941,-0.03116883268770998
2013-10-15,8.528912518691326,0.1215695275132657,0.028766819203138574,0.044672008027046996,-0.05758600468892848,-0.06770732306093485
2013-10-16,8.529644965438077,0.19453861117947396,0.007594987359321133,0.006262548384852684,0.06391782357906774,-0.08230877267715542
2013-10-17,8.53037737351524,0.04979634521247654,-0.01977579607140661,0.024206602764278322,0.10711659628968219,-0.05076017573586
2013-10-18,8.531109742149557,0.20486221056366238,-0.01567834088523127,0.0971364083986472,0.051482197678356045,-0.0792135887551435
2013-10-19,8.531842070575617,0.03959396697860596,0.028933562627194005,0.03919284948253379,0.07607775151713664,-0.06316272585231708
2013-10-20,8.532574358038342,-0.7109079757305411,-0.05108902764136132,0.047606864733704526,0.11282272315513978,-0.0866447127841603
2013-10-21,8.533306603792463,0.12062802404021741,0.00401343279422638,0.03659200846021213,0.05519131140819547,-0.07034128142477059
2013-10-22,8.534038807104531,0.09779880092105642,-0.02454433249586557,-0.02261869724724883,0.02280238232898739,-0.007744242708101368
2013-10-23,8.534770967250195,0.19577953032833598,-0.016355446413170365,0.044260345223070686,0.10038159586014565,-0.0900432594856806
2013-10-24,8.535503083508809,0.03634811657510848,-0.035147094617956606,0.012291203302963431,-0.039762365298904756,-0.030198004985864557
2013-10-25,8.53623515516962,0.21772935385620065,-0.0027745556176123343,0.03006243341354657,0.020733796166992374,-0.05956681027841526
2013-10-26,8.536967181528375,0.0490104952690456,0.031950289199671904,0.005552000713591647,0.017506910025607225,-0.0176451802074844
2013-10-27,8.537699161888348,-0.7129869963346701,-0.0525932580933854,0.0173771662620253,0.18030304854109527,-0.07731905896378599
2013-10-28,8.538431095557709,0.1292894813623128,-0.07260823194238725,-0.024263711281680846,0.08162883996769803,-0.040853943935577064
2013-10-29,8.539162981854735,0.08247695534957267,0.010598387970663845,0.06713817960759602,0.025988968989262923,-0.07010290199050573
2013-10-30,8.539894820106179,0.20283102834063937,-0.01965083665523767,-0.05717664597438351,0.06670104197913936,-0.05891883915789542
2013-10-31,8.540626609649705,0.022224743462636476,-0.004174731803188416,0.07302875638880764,-0.0913619582473572,0.004201869379373946
2013-11-01,8.54135834983167,0.22211659956148602,0.12373137840358925,-0.010706416354419743,0.007596298807213489,-0.02386566554257108
2013-11-02,8.54209003999979,0.057069389866757116,0.024694178080988095,-0.05083881952097532,-0.007687466162688272,-0.020185361878427344
2013-11-03,8.542821679504987,-0.724067297386003,0.029545036942000218,-0.018268175060135054,0.05128896641154669,-0.01241326814973398
2013-11-04,8.543553267701414,0.1343349889038736,0.054856265993723105,-0.0740118731308984,0.02308062752984841,0.006168723998436931
2013-11-05,8.544284803945022,0.08158699610214161,-0.012728954881733132,-0.014365675301123692,0.2350284237421154,-0.07323651137029152
2013-11-06,8.545016287593121,0.21558983776665636,-0.06005087927844095,-0.0688790601488945,0.28149076980351384,-0.11878015398776576
2013-11-07,8.54574771801507,0.013843573584535293,0.03289564061674215,-0.07706049661726157,0.14432983005843214,-0.0336440972436165
2013-11-08,8.546479094596913,0.22237425235344754,0.011643782340316041,-0.07032841630714802,0.29584318568831514,-0.07522988604021918
2013-11-09,8.547210416734988,0.058485922581250904,-0.02002232447852325,-0.08639553704446018,0.16058694077805927,-0.00949014553254024
2013-11-10,8.547941683837129,-0.7431534242046935,0.08439050280898358,-0.09880038355704572,0.15665997546828586,-0.013801492946312166
2013-11-11,8.548672895315727,0.13578499761280957,0.009271397993716039,-0.05796143007890854,0.12044753968084818,-0.08545753294731107
2013-11-12,8.549404050588953,0.08517792131515632,-0.05417443076205882,-0.0809353123340083,0.14336568036702818,-0.07946366865751386
2013-11-13,8.550135149089403,0.2341780955036557,-0.01904456694183787,-0.03797183034820872,0.23803358102112043,-0.056258000229229665
2013-11-14,8.550866190265388,0.020090617043614853,0.03679538209041852,-0.024375967749533742,0.176011262012335,-0.08774097250451973
2013-11-15,8.5515971735796,0.224910367437743,0.007252720818370634,-0.06491845047820712,0.19973127685309608,-0.0894227135280996
2013-11-16,8.552328098511948,0.050765109905140084,-0.027429729664640027,-0.03697858141197765,0.13815245162152343,-0.008940038864174937
2013-11-17,8.553058964558812,-0.7705808890916085,-0.009796988328600736,-0.06604289502293018,0.1311248965930279,-0.05865461293705998
2013-11-18,8.553789771224984,0.1326719959031845,0.0399400321061118,-0.049361717546517414,0.12341246005417655,-0.03686187469062041
2013-11-19,8.554520518027074,0.08885486888148218,-0.06167055261235071,-0.036425959826563076,0.2827455062869474,-0.05215463937209286
2013-11-20,8.555251204493487,0.26059200955787054,0.005907690310276992,-0.10003977115638027,0.23101313434539084,-0.08479561606009689
2013-11-21,8.555981830166678,0.037249427210549,-0.009233543919446592,-0.024235403814983486,0.07437957447069182,-0.024902378968178596
2013-11-22,8.556712394606098,0.2262674766738853,-0.015047038928445073,-0.10529672238336263,0.265454845881135,-0.0831989015508583
2013-11-23,8.557442897383698,0.031164535195894343,-0.051484974395603844,-0.10904242220301713,0.21439973447928654,-0.022836133535992786
2013-11-24,8.558173338088027,-0.8055750972632462,0.00943425030524842,-0.07081584959894152,0.1087575844004586,-0.04606144952896507
2013-11-25,8.558903716319401,0.12874404981158435,0.04519665805355284,-0.045135562831451835,0.1114301944893673,-0.018192411481857462
2013-11-26,8.559634031690535,0.0977210659693692,-0.07005744391798238,-0.09661140884175597,0.24536066556247657,-0.050274997233357155
2013-11-27,8.560364283824752,0.2953799299528506,-0.07651010732966362,-0.004500200412279319,0.12138398207702324,-0.07612522019170953
2013-11-28,8.561094472360704,0.05775119290000146,0.006106834109575849,-0.07055866678459087,0.1556748925369079,-0.11395844391839383
2013-11-29,8.561824596957777,0.22405754924937243,-0.03402419876754202,-0.02878681912398952,0.11607192389186666,-0.056320931147004316
2013-11-30,8.562554657299657,0.0013817273965144872,-0.029815699622867276,-0.0067100165149085525,0.2728084670551577,-0.09275672060987006
2013-12-01,8.56328465309073,-0.8503190909755479,0.12706311182554872,-0.0343064075876509,0.24667031189299513,-0.09815514345609344
2013-12-02,8.564014584059283,0.1303030797310029,0.028164795211021297,0.05287330634504074,0.10361708965419969,-0.07016388829654652
2013-12-03,8.564744449959017,0.11382062464913814,0.029609701154844747,-0.02497416073828776,0.12667983660670193,-0.05616196578552035
2013-12-04,8.565474250566234,0.336165153261484,0.045457752456978515,0.07234246545749183,0.17756320418910107,-0.07444012458181426
2013-12-05,8.566203985678298,0.08138237640278631,-0.00875922960092397,-0.010144261644730812,0.09489167304280505,-0.03727168964027072
2013-12-06,8.566933655114836,0.22632987978124286,-0.07005311693930802,0.07906318658491186,-0.7397264256966433,-0.024992683612598654
2013-12-07,8.56766325871334,-0.035434961586780334,0.04715913670164747,0.06052794760010988,-0.05442276828720484,0.0065569995851735285
2013-12-08,8.56839279632528,-0.9079611107396663,0.022262199904900786,0.07240425571988864,0.10294048900107876,-0.05966618292068482
2013-12-09,8.56912226781372,0.13446772670330032,-0.025334671380647416,0.022528827935190846,0.16183628558996851,-0.09185505651363535
2013-12-10,8.569851673062928,0.13274885896426541,0.09456108686840986,0.057829248874221854,0.1631508270189284,-0.09689572813706349
2013-12-11,8.570581011985668,0.38003315505187724,0.03042060625013135,-0.028356326341806806,0.146221934532483,-0.052598799285023645
2013-12-12,8.5713102845237,0.10909397454191772,-0.06373502380764925,0.05515970094933578,0.31196852609582265,-0.0006700354038642331
2013-12-13,8.572039490641526,0.23888071194424976,-0.019565034973767825,0.0367618527539091,0.14291148453380517,-0.031090889672784172
2013-12-14,8.572768630318462,-0.07976864427742408,0.03748494926908712,0.08698287355341365,0.3009677099450349,-0.04228926034768676
2013-12-15,8.573497703552336,-0.9772769854230114,0.00312414044217605,0.10100964956417532,0.38115606100765487,-0.023767293834934478
2013-12-16,8.574226710362039,0.14359125476028473,-0.031145680554199626,0.059244970449150974,0.2788298969346818,-0.08196131073223256
2013-12-17,8.574955650787626,0.15286946847530786,-0.0014789378605917433,0.045099144281397524,0.1402670119904208,-0.08500811854691648
2013-12-18,8.57568452489854,0.4289444631593202,0.047807350969317305,-0.013581557186368562,0.13282014443623305,-0.024930796322866655
2013-12-19,8.576413332794413,0.13615955241787914,-0.06585804689808476,0.017483447202845268,0.32731179339303546,-0.012851354274481253
2013-12-20,8.577142074597019,0.26333195318806635,0.009913516038649164,0.04637134374767347,0.41445606534460083,-0.013983560276059848
2013-12-21,8.577870750446726,-0.13562193995443958,0.007084819743953589,0.07384836251359998,0.5111187350271428,-0.00775543769982967
2013-12-22,8.578599360502258,-1.0595734322113954,-0.016518383840519135,-0.0017100147509386309,1.0237854408519071,0.07912657535113432
2013-12-23,8.579327904936738,0.16669500202355375,-0.06249828291135389,0.017423311101075666,0.6178965006532471,0.02933280939960703
2013-12-24,8.58005638392595,0.1730167137710863,0.01807937059971441,0.1259594331810984,0.0969071410671375,0.05815128276051418
2013-12-25,8.58078479765131,0.48292160352665203,0.056186175570326485,-0.053272545199861826,-9.073399523392668,0.006779491844241647
2013-12-26,8.581513146299578,0.15534032863397995,-0.08241841374325237,0.07026641789760904,-0.006864326679764167,0.006792070615544432
2013-12-27,8.582241430071356,0.28844441720079234,-0.07597643935588004,-0.027537959439066843,0.15246482781593337,-0.00485169327874857
2013-12-28,8.582969649183925,-0.19145291314573581,-0.002119583652507053,0.005317019772145423,-0.02312269210107353,0.04764461155116351
2013-12-29,8.583697803870502,-1.1638537490147265,-0.04202836692567377,-0.020352120216666752,0.15157006460923098,-0.0023034024957748755
2013-12-30,8.584425894373556,0.1904967294865997,-0.05240542206353885,0.020711409626976963,-0.037007350658561824,-0.04832830947066746
2013-12-31,8.585153920953548,0.18502879491401233,0.12725604894510373,0.10003132731851393,-0.571547391348476,0.012043933152140696
2014-01-01,8.585881883896569,0.5226702698370945,0.027490275290112033,0.03094492535806791,-9.22320993391352,0.056222579531675976
2014-01-02,8.58660978350451,0.1489676066710295,0.03037679192049784,0.010315314998145867,0.07683398959904443,0.5425427345597722
2014-01-03,8.587337620087979,0.29539832628081014,0.038588229497261234,-0.21500220264519052,0.25330040956334615,0.40784578158996787
2014-01-04,8.5880653939742,-0.15311108012808344,-0.004417410466804182,0.05747080703113807,0.005663058812230691,0.7995926505694708
2014-01-05,8.588793105509577,-1.1530805040550474,-0.08149425893246116,0.02083424686766364,0.07708376898754114,0.9893787365772617
2014-01-06,8.58952075506052,0.18742681779085293,0.05947343494503952,0.04894970272984857,0.07389072117056243,0.32507057709496223
2014-01-07,8.590248343011734,0.1681263577095919,0.02968816395013973,0.019236004274066444,0.148674519530019,0.21183571744523277
2014-01-08,8.590975869755644,0.5073497461887237,-0.031135201057803128,0.05142129058609474,0.28139864121798014,0.10102148997069982
2014-01-09,8.591703335678467,0.12707892120053788,0.10064169962719281,0.09182743315730245,0.21234800099238757,0.06843850822990838
2014-01-10,8.59243074116243,0.3053242143303234,0.051583277870657335,0.04086225848343558,0.2092149835504662,0.07760733039241252
2014-01-11,8.59315808659085,-0.1168736127252643,-0.0728551550721949,-0.030915573953098602,0.03880005884299149,0.8113868538611069
2014-01-12,8.593885372351284,-1.1059124094988162,-0.02101887710188086,-0.0371264693113836,0.1651164730477808,0.8121308416883846
2014-01-13,8.59461259884895,0.18395604109664035,0.032857229515316666,0.06167849461157029,0.27736426351238735,0.11708773990674182
2014-01-14,8.595339766505786,0.14343666700439445,-0.0038177041789937936,0.046848685869830715,0.25629324780718565,0.09031377914423544
2014-01-15,8.596066875742501,0.44808951338861847,-0.030959776998200655,0.012179113502814948,0.03553125233737579,0.40765953129730903
2014-01-16,8.596793926981093,0.11403171803160797,0.009519541394098115,0.016295920633987195,0.25009947166366436,0.08776036787325303
2014-01-17,8.597520920657857,0.30937099926973494,0.05263282575532328,0.10383376241476192,0.17914544106819635,0.06455378751992669
2014-01-18,8.598247857212845,-0.07355975264147178,-0.06814358704075012,0.04121979537343789,0.11600721291326342,0.6050367916929087
2014-01-19,8.59897473709283,-1.0813376610012149,0.010738680149406151,0.05799022754000362,0.09418816968481138,0.755964630796754
2014-01-20,8.599701560764524,0.19039698178579176,0.018271108613438315,0.03670636452153647,0.15671727103201358,0.13202224097506843
2014-01-21,8.600428328712628,0.11910588371122383,-0.016555283466694718,-0.026288421662621877,0.0036584095296528403,0.5938489632027828
2014-01-22,8.60115504142453,0.3959922715630033,-0.06768001732996638,0.03995633460455407,0.13567297308216678,0.31582842614906426
2014-01-23,8.601881699404052,0.09739674006933466,0.02545311362879131,0.012462993243451148,0.035721652279752894,0.34919114353805014
2014-01-24,8.602608303168566,0.29622801749746774,0.060806530099606564,0.026272105356641876,0.14262260258588988,0.18443964241704514
2014-01-25,8.60333485324723,-0.005435500037143437,-0.0925009897685482,0.0028560011423002653,0.13045384979657282,0.4311487694661942
2014-01-26,8.604061350169337,-1.027520525304717,-0.07040257016756053,0.02183401894130137,0.07418890149279464,0.8482477754054969
2014-01-27,8.604787794483945,0.18833344814670508,-0.013216453028504008,-0.026237613348215953,0.24005457512300216,0.18046249687116322
2014-01-28,8.605514186760308,0.09119106946539599,-0.043574842171563176,0.06966349148821453,0.13041745127785753,0.2505073712768038
2014-01-29,8.606240527565108,0.3461650590258639,-0.07561226241796815,-0.050796830812183946,0.05794264671797484,0.5379229262967886
2014-01-30,8.606966817465212,0.056063089272121044,0.12373436440702898,0.07019150595649074,0.16048974596468984,0.0851801198212847
2014-01-31,8.607693057045232,0.25888829350151865,0.020500189309513403,-0.011581847874331466,-0.0037277241200555844,0.3961002293386553
2014-02-01,8.608419246901132,0.08100289698152434,0.036803193511368265,-0.05270700845938014,0.07444272918976769,0.05340982255929205
2014-02-02,8.609145387649814,-0.915379558104835,0.03432992488325955,-0.03115211695446887,0.06732233208008388,0.056443677023674255
2014-02-03,8.609871479923235,0.16506846075898277,0.002891157445495944,-0.0828460525462353,0.04546019508430404,-0.011003796649228903
2014-02-04,8.61059752436935,0.07804300600319425,-0.09255203403006891,-0.020663342373475092,0.043182400989834516,0.03061497674090674
2014-02-05,8.611323521664264,0.2979324237485865,0.06997204240761737,-0.06906429403845789,0.03109366932155629,-0.030108108623036145
2014-02-06,8.612049472511327,0.027446766131052805,0.032415410140317055,-0.06935129947695515,0.035435746477242416,0.0077269765241538835
2014-02-07,8.61277537765067,0.24448402793515503,-0.036301907338132294,-0.07067138794579443,0.014429106025369287,0.01927590401667345
2014-02-08,8.613501237855042,0.1101771007060715,0.10424340680977896,-0.082186226056821,-0.17879070233958547,0.1462796879039434
2014-02-09,8.614227053921125,-0.900009916784731,0.07116513010726294,-0.09749640026851585,-0.11981234527271534,0.21286204454466962
2014-02-10,8.614952826648702,0.1586167083951523,-0.07645805620516265,-0.06283253941271986,-0.1483669957805776,0.1831614663362391
2014-02-11,8.615678556835164,0.08849721886873244,-0.018109967590347015,-0.08325537869819784,-0.7243364504742383,0.8434789710392092
2014-02-12,8.61640424528128,0.2370587797827743,0.025060692322885318,-0.036399969675133245,-0.47362580637744495,0.5536236803375729
2014-02-13,8.617129892818065,0.005173551092080203,-0.015220606213041867,-0.030970017444306875,0.04631879478633326,0.013891437989432376
2014-02-14,8.617855500314258,0.24504968429002721,-0.024098676164249294,-0.07185111444439664,0.10501341611907639,-0.00950081007168535
2014-02-15,8.618581068675635,0.1581729181699228,0.022223554612112905,-0.034821366896227716,0.07009833162030536,-0.04391751268444999
2014-02-16,8.619306598853298,-0.900722381240177,0.056620146167792755,-0.06216913295648464,0.21375047759988194,0.0005198890831987768
2014-02-17,8.620032091851696,0.17213476098652958,-0.06778592587237833,-0.043458712484493275,0.007272130951971116,-0.042543033703383415
2014-02-18,8.620757548725123,0.10708093486514267,0.0113448122948159,-0.037404496651396314,0.0922229426977198,-0.007319115089716277
2014-02-19,8.621482970584767,0.17176049184936362,0.02248720327375605,-0.0995231462454415,0.09555327154612268,0.01055121542087889
2014-02-20,8.622208358594301,-0.0024422792418648358,-0.013931585036347513,-0.032664989648917446,0.09441846068358788,-0.030769347633675892
2014-02-21,8.622933713967905,0.2544564079399307,-0.06969249864156928,-0.10306181394786386,0.06961460786419085,-0.07156892174676521
2014-02-22,8.62365903798339,0.1997566990134582,0.032734385373149495,-0.0979272957536426,0.09661728232145368,-0.11643274626461952
2014-02-23,8.624384331997621,-0.9293556422248042,0.05972665940354265,-0.06301894305919277,0.12449056459140426,-0.06043710279036674
2014-02-24,8.625109597456701,0.19052492151747272,-0.09935914975009368,-0.0492017346615598,0.12120932061820312,-0.06538002201185478
2014-02-25,8.625834835891759,0.13329882173898427,-0.06144330791016475,-0.09583621366066296,0.08060664934767839,0.0032572206181171737
2014-02-26,8.62656004891673,0.11066144626322777,-0.024956822057094128,-0.009881878536112056,0.02675647406314175,-0.02205259330538567
2014-02-27,8.627285238217025,0.019365359829405956,-0.039710065853308336,-0.06619489105679803,0.019466115646191984,-0.07679791761206545
2014-02-28,8.628010405557736,0.28345147570170937,-0.10107450352587918,-0.029191943800183036,0.14232199822158417,-0.11578546255901756
2014-03-01,8.628735552802226,0.23197562560469495,0.11809693379503877,-0.007219813305157516,0.08399426746362867,-0.031051789717976064
2014-03-02,8.629460681921094,-0.9855749203305518,0.00810089866190565,-0.03028804518395935,0.11566036010622958,0.02156423722058065
2014-03-03,8.630185794977926,0.20594426795567364,0.047577600704954495,0.05943797479277017,0.08217906793247629,-1.0319022327301317
2014-03-04,8.63091089411666,0.14168365348325018,0.02982589445833879,-0.01301954889366426,0.06836861439072389,-0.5988197230152661
2014-03-05,8.631635981566957,0.04462120189958769,0.014665148644238676,0.07919358222245988,0.026078296452035032,0.6935880009877256
2014-03-06,8.632361059649192,0.020599740576509366,-0.10025660708810473,0.00011711655282323642,0.0698497961814582,0.6475985968501501
2014-03-07,8.633086130778086,0.3080885951896879,0.08014580713469664,0.08710876773770622,0.1518073127377676,0.11884143479438691
2014-03-08,8.633811197459663,0.24132795605670662,0.030018852256287233,0.05991803592241554,0.09536761384398691,0.14160937105679317
2014-03-09,8.63453626226684,-0.946254775756943,-0.041649767995435454,0.06955418742547576,0.01600730390753767,0.8019072448704669
2014-03-10,8.635261327839952,0.20009932815967818,0.10580347687057405,0.027569649484881203,0.17595538290894308,0.06408928755124421
2014-03-11,8.635986396915715,0.1180910397243828,0.08786243884105321,0.06165898098123593,0.16089739911177423,0.10470801005380892
2014-03-12,8.636711472319863,0.10423559665984397,-0.07543628266003811,-0.014064267464275228,0.057090000714262734,0.8032807250717422
2014-03-13,8.637436556964104,-0.01667249469178146,-0.010114308145632838,0.06240837540384557,0.21646458771981386,0.18013273653951245
2014-03-14,8.638161653865728,0.3236154751153485,0.01340608409934126,0.03923105789945993,0.027164294290999348,0.17563158564579595
2014-03-15,8.638886766124996,0.2160952477340764,-0.03083868319514959,0.08693292335690145,0.09780752390043476,0.09949806285801088
2014-03-16,8.639611896922183,-0.9230974583796802,-0.009490812886267387,0.1082216935742886,-0.015396387638932824,0.7975548303315065
2014-03-17,8.64033704953615,0.19932804815484836,0.03437364432273155,0.06270550845662991,0.1340978980468071,0.1515378553504636
2014-03-18,8.641062227368545,0.10811287722793599,0.05957683566502273,0.05980926067035686,0.0752253190553862,0.23856345016419134
2014-03-19,8.641787433923014,0.10417611943888463,-0.06651421992934745,-0.0008251742018650699,-0.02590089822124978,0.735229806789631
2014-03-20,8.642512672811945,-0.02743704122298335,0.012928601892894995,0.02142364482950976,0.1731015079538983,0.236633963511391
2014-03-21,8.643237947785215,0.3430938930398745,0.018626819766331563,0.059787883371935094,0.10840151644656136,0.11687770310230228
2014-03-22,8.64396326271251,0.19237383925522394,-0.009689842942908273,0.08307240677390396,0.11102804822170224,0.19882530559334377
2014-03-23,8.644688621580178,-0.9097364293640109,-0.06598950803879923,0.010021713436422518,-0.061727981772675425,0.7957520140030425
2014-03-24,8.64541402849932,0.19429621921286083,0.03942553940379008,0.025866472971264327,0.061107067048636415,0.15954815481955542
2014-03-25,8.646139487737548,0.1045032634667641,0.055640641654371006,0.12393452263390234,0.09376858219754844,0.1318038086874349
2014-03-26,8.646865003699267,0.11224036264895869,-0.10275544676259449,-0.04503618460832094,-0.15775610924055708,0.9388806113495995
2014-03-27,8.64759058093335,-0.016934932181592928,-0.053803720393650174,0.08283486601654526,0.18573696301624965,0.18551933791337305
2014-03-28,8.648316224164383,0.3461309395029756,-0.03865015010610272,-0.10391776579131036,0.14845713360753296,0.23746650356818577
2014-03-29,8.649041938271473,0.1703118249334737,-0.03414440002090725,0.004801513156086951,-0.7239799291008538,1.1699108924859605
2014-03-30,8.64976772829754,-0.8553126653112197,-0.1269817636031562,-0.017525855416250177,-0.0021941290448028172,0.7761084953756647
2014-03-31,8.650493599490819,0.15539939452230853,0.10801085494493079,0.024835025777528972,0.036791254893750465,0.19093316936485927
2014-04-01,8.651219557311405,0.07048737914737899,-0.006641264646482608,0.0991807490670041,0.07305181183903638,-0.029156979006552675
2014-04-02,8.651945607411983,0.16118377324988,0.05572732230534002,0.030620156674221632,0.47598797359542533,-0.4219296361390583
2014-04-03,8.652671755681546,-0.03847880692204812,0.022179842373051768,0.012624357551786895,0.046305804306103274,-0.07630399638200558
2014-04-04,8.653398008262608,0.3348216423272916,0.030936900730933355,-0.3229404277095344,0.15921023745786825,0.1263769155488923
2014-04-05,8.654124371566304,0.15682134642034254,-0.10495817393622067,0.0660460241416274,0.007886821523790149,0.013946810126453713
2014-04-06,8.65485085223616,-0.7871799687438028,0.08861754149229711,0.01685385888986224,0.03501663529398424,0.0381118210143363
2014-04-07,8.655577457169676,0.11540320866398586,0.027792254958804656,0.04571610506235874,-0.007846414334526219,-0.019889571555300023
2014-04-08,8.656304193530634,0.04860211123882636,-0.043594128425808426,0.01684138931433234,-0.06367951279014022,-0.020197601858532366
2014-04-09,8.657031068775234,0.19783405328354925,0.1069407718619559,0.04523974747491862,-0.05547057697500413,-0.08510778798602558
2014-04-10,8.657758090670596,-0.05836607063878029,0.10120869729398344,0.09639259305991342,0.0413190312126474,-0.18579783717128784
2014-04-11,8.658485267326453,0.32930859147420566,-0.07350318485429472,0.03574223771558859,-0.07033966570301221,-0.08412191475442299
2014-04-12,8.659212607218825,0.15224112042832424,0.0008303023176384327,-0.029378926056722758,0.03884852107332845,-0.10003961389784344
2014-04-13,8.659940119191246,-0.7855428330246865,-0.0037771896817979465,-0.036182258120194065,0.027653880331998816,-0.052634817249549215
2014-04-14,8.660667812461229,0.0830033068291882,-0.04328814536719826,0.06271274684323459,0.01028279648996006,-0.11134015109663054
2014-04-15,8.661395696621122,0.054971252375765084,0.008298164461472822,0.04886574972631874,-0.042539100507012886,-0.04331767253052732
2014-04-16,8.662123781654095,0.22628904227094335,0.0447603071562373,0.01758697832499342,-0.04372233507247801,-0.04997811322832746
2014-04-17,8.662852077927571,-0.05271473693831957,0.060528387098336474,0.008512499278056206,0.014108615714123082,-0.06457338663464718
2014-04-18,8.66358059619863,0.31566115218400104,-0.06390169359018198,0.10952260174443512,-1.000028502836553,-0.01873265510998401
2014-04-19,8.664309347621312,0.14455364200226806,0.02091127338841144,0.042524458622719995,-0.5500980788581106,0.05193247339868989
2014-04-20,8.665038343730378,-0.7805259640595931,0.008682864524119805,0.06784949946676301,0.3429316878650183,-0.50669172989892
2014-04-21,8.665767596418938,0.05538020647669918,-0.004477911045641396,0.036782158244737864,0.10045119409990724,-0.12124711722255377
2014-04-22,8.666497117961796,0.07247183051136072,-0.05418097272519022,-0.029959364491732133,0.043140845175050443,-0.07568138463514984
2014-04-23,8.667226921056367,0.24223576784552148,0.046002874645042775,0.03568709629959848,0.05826258253418193,-0.010366402197151459
2014-04-24,8.66795701881615,-0.034771305382478884,0.05030294549482803,0.012506242847887261,0.034062784328538015,-0.06201864121777234
2014-04-25,8.66868742474841,0.29106665348462457,-0.10542923927071247,0.022903127861587113,0.03830964745506343,-0.04579184219969079
2014-04-26,8.669418152762368,0.14101473817532126,-0.04661532495518138,0.000239987042947381,0.051842535189521616,-0.05411423282097516
2014-04-27,8.670149217163853,-0.7801892666724425,-0.056234403725146084,0.026159623040246154,-0.02567877909555759,-0.06323209680383535
2014-04-28,8.670880632650464,0.04248291965916903,-0.02813593972964614,-0.02805043106908125,0.10253218292189527,-0.09775734459258523
2014-04-29,8.671612414308688,0.0896402085861581,-0.15035487547108287,0.07173147925448559,0.021617122177267585,-0.024367801791104426
2014-04-30,8.672344577607296,0.24942590025868694,0.09563505276941972,-0.04447502723658473,-0.021404545021098113,-0.040801921718792045
2014-05-01,8.673077138361952,-0.013891141096627972,-0.018963739361002388,0.06732746597666292,-0.43532920969145855,-0.4203721942793468
2014-05-02,8.673810112712939,0.2668642422145597,0.06070631396029209,-0.011971650336764554,0.019466098034087092,-0.03762516656206749
2014-05-03,8.674543517092415,0.13314229230295205,0.011541596659869646,-0.053959812033846304,0.13313821409817894,-0.03787684526071722
2014-05-04,8.675277368210319,-0.7836746316712825,0.04807533828728487,-0.042974509224091934,0.03843298145552782,-0.03789360749325432
2014-05-05,8.676011683029651,0.04796781142710564,-0.10405353293679717,-0.09006823795757439,0.03294919762540517,-0.07201766604635118
2014-05-06,8.676746478737183,0.09747484293635064,0.08978442464180529,-0.025959607411870093,0.07604485325512551,-0.020502490537849027
2014-05-07,8.677481772714492,0.253313049958852,0.02686136029150782,-0.06781474596691918,0.032759368591094136,-0.014103092926690763
2014-05-08,8.678217582479576,0.00214531978850855,-0.03998522119864955,-0.06126978312857986,0.08457489100898413,-0.04254678634401898
2014-05-09,8.678953925635412,0.2537445106267386,0.10807015959371374,-0.07047252301619988,0.020772161388762343,-0.05547141287788904
2014-05-10,8.679690819831478,0.11860009108812879,0.10765729151669103,-0.0777751849464726,0.13509756726351935,-0.09870520899907298
2014-05-11,8.680428282719813,-0.7866324325353423,-0.07504141471404667,-0.09617558607890053,0.12866868612134663,-0.07453760483872784
2014-05-12,8.681166331908225,0.06682264928556647,0.01217858275295254,-0.06682229008405216,0.023448561197791623,-0.015977431038569634
2014-05-13,8.681904984884216,0.09719957951115568,-0.02991774104583589,-0.08534254625568818,0.09408564911435018,0.052611753161370345
2014-05-14,8.682644258908237,0.2538156625537087,-0.043828909675976885,-0.03467381596371981,0.01240141958547883,-0.0819188778879898
2014-05-15,8.683384170911198,0.012665069664567423,0.02644315348118513,-0.03694436639956596,0.0013423944689114585,-0.037728884005609586
2014-05-16,8.684124737454617,0.24887252957209333,0.053555380537148034,-0.07789387188641916,0.07202607347606371,-0.08312278899913572
2014-05-17,8.684845495455333,0.10241131311831357,0.05832657440039164,-0.031797524478169796,0.026535950755208232,-0.12714103566797164
2014-05-18,8.685566718365848,-0.7963709007236427,-0.05929061547600442,-0.05769709534419069,0.08966452872739952,-0.002240200266367509
2014-05-19,8.686288417849202,0.09092091835996749,0.03243071769464782,-0.037189425020102855,0.058785488115190423,-0.0068751878265604915
2014-05-20,8.687010605506726,0.09269778423427032,-0.006462665679876602,-0.0377335275911589,0.0388220586023444,0.021593849673484655
2014-05-21,8.687733292778718,0.25349305795665156,0.0013918635531960377,-0.09839792762392398,-0.006518048464380506,-0.013480480460863475
2014-05-22,8.688456490928731,0.017318252911486726,-0.03636261190971177,-0.040577579505516416,0.03101156368337759,-0.01032743317416518
2014-05-23,8.689180211165626,0.2548878313207114,0.05185653049425021,-0.1001901737324173,-0.025553224781826887,-0.11719537739818087
2014-05-24,8.68990446456871,0.09553869679160046,0.04450401946340917,-0.08682702093681496,-0.5397053366897369,0.497351974205543
2014-05-25,8.69062926208168,-0.8129259196039331,-0.1071506436219613,-0.054903239620897916,0.013090891030941052,0.053075174611654674
2014-05-26,8.691354614216202,0.10737957177334143,-0.0391696134256492,-0.05296529683285524,-0.004413854817106124,0.008466082946995357
2014-05-27,8.692080531000096,0.08387208249942452,-0.08033910822274096,-0.09437220202510534,-0.022666878612064643,-0.06431854309736984
2014-05-28,8.692807022223542,0.25083559194125976,-0.020843529552029755,-0.014849373573148682,-0.06333895986638562,-0.00014205515875254093
2014-05-29,8.69353409741845,0.01389986499998537,-0.17075628115880595,-0.06168612604880948,0.04070133583652002,0.04991020177141614
2014-05-30,8.694261765676918,0.2703654460116258,0.08462205613991457,-0.02940217535489565,0.03689537366223924,-0.0428739924764141
2014-05-31,8.694990035752488,0.09590955761898448,-0.030468060138673862,-0.007362169508875351,0.03661324218281328,-0.08308864207772437
2014-06-01,8.695718916303411,-0.8281071278559785,0.06332917968405934,-0.02628121138728185,0.1046924554931709,-0.07065018308468396
2014-06-02,8.696448415772771,0.11125781702505677,0.0015668114376197247,0.06529383544603769,-0.009724800439731578,0.00608142479870466
2014-06-03,8.697178542476982,0.07393239953728312,0.06214218251294179,-0.001383613939036756,0.049831220546189416,-0.07881549906677954
2014-06-04,8.697909304712699,0.2475080024484812,-0.09230232949786224,0.08510918300914377,0.05482518266605482,-0.0738610566844109
2014-06-05,8.698640710671073,0.017629010653550187,0.08084319366596728,0.009886699713690793,0.04505044059216542,-0.14627229426006494
2014-06-06,8.699372768501187,0.2888281782945967,0.02263247733407076,0.09444833965670422,0.053314704911123875,-0.18979555365394418
2014-06-07,8.700105486311944,0.09615525267939959,-0.03204688106827386,0.05897367177846545,-0.015434949310811285,-0.10674777603245289
2014-06-08,8.700838872055478,-0.8553294501615131,0.10695442537960867,0.06642620084886405,0.05034236782242997,-0.36599722165088977
2014-06-09,8.701572933566124,0.10003536273389985,0.10481912790432298,0.032277464932975584,0.040093581583438814,-0.24172785598413427
2014-06-10,8.702307678307724,0.07458989767079763,-0.07557989043689486,0.06482798799261039,0.0032346030453991124,-0.08887099178519442
2014-06-11,8.70304311347921,0.2636849173563468,0.024623015033738337,-0.00017790837510374934,-0.0016049640746432841,-0.09187656404133904
2014-06-12,8.703779246140046,0.032525559917914774,-0.065382321989265,0.06896851501077647,0.01588355209743989,-0.14572217756210648
2014-06-13,8.704516083252626,0.3043609946946357,-0.031741564281028534,0.041588531978013744,-0.053527575383784415,-0.07542805500947658
2014-06-14,8.70525363156223,0.10141201113816636,0.04564056254631654,0.08680597574151147,0.02113192694471141,-0.08024852379422498
2014-06-15,8.705991897675272,-0.9046745532391595,0.0579151189180435,0.11433209427775472,0.007811199565649941,-0.5103730071173835
2014-06-16,8.706730887943,0.07768016789672325,0.053384923487561395,0.06596334625201437,-0.0656147031717671,-0.06316887731834342
2014-06-17,8.707470608453045,0.08689871722024892,-0.04915749731715481,0.07353583227166802,0.020622592751733886,-0.17175853797352758
2014-06-18,8.708211064868394,0.28125872990042045,0.04054529242550603,0.011196176897569066,-0.04195475856256898,-0.20989374073181466
2014-06-19,8.70895226244916,0.05026477775281809,-0.023929801108155315,0.025252554591277964,0.058320769340910406,-0.18900069109388262
2014-06-20,8.709694205999915,0.3183386186395159,0.011016160431781052,0.0722799418401681,-0.02718778203924621,-0.07179492571845536
2014-06-21,8.71043689969847,0.11662858751839739,-0.010849171134526648,0.09213803101385334,-0.0481812909541365,-0.05439140316877733
2014-06-22,8.711180347537562,-0.9492863620617199,0.05554649397669226,0.021713166864415066,-0.028202441955353832,-0.006892005762491493
2014-06-23,8.711924553524902,0.04947560745291367,0.03621042367002484,0.03453912023082313,0.04417511171748789,-0.12465794274123887
2014-06-24,8.712669521513114,0.10437518019935384,-0.10205835140136853,0.12156579478377808,-0.03905734366515384,-0.15618949331176424
2014-06-25,8.713415255321696,0.28646407954321074,-0.03488825553244322,-0.036362994115306635,0.2703335365613547,-0.3492781107747902
2014-06-26,8.71416175866648,0.0646497060245665,-0.10472123733398088,0.09459124315367293,0.002409492150466901,-0.06940590461145035
2014-06-27,8.71490903506022,0.3145682616686126,-0.011974883276016233,-0.1812388479869858,0.0902309145539925,0.07329317980757466
2014-06-28,8.715657087966921,0.12516084687992285,-0.1879293096940628,0.004032416230219985,0.028556891395713047,0.02826428659515301
2014-06-29,8.716405920565293,-0.9450115315829043,0.07401744855791603,-0.01461725954399468,0.06074495036076913,-0.10093944740162897
2014-06-30,8.717155535645102,0.036587637259918246,-0.04444569792883934,0.028297905843926704,0.0369278902858457,-0.07979010311828105
2014-07-01,8.717905935779903,0.11658858080469958,0.06144006624676986,0.09781721658385222,0.10692318556510708,0.07405613458064408
2014-07-02,8.718657123370077,0.2925183029126689,-0.0031486039301894773,0.03038709584960615,0.4959204146266359,0.06894947734180157
2014-07-03,8.719409100456437,0.08418696902583253,0.07361990532801929,0.014046153597546207,0.061752400539306446,0.21590981796173914
2014-07-04,8.720161868761622,0.29295041825531676,-0.07309603372828365,-0.43137750520424284,-0.003010377590577997,0.872175471566635
2014-07-05,8.720915429775053,0.10743304055785888,0.06335319214295661,0.07403565763395804,0.029789495986278322,0.036822847409441195
2014-07-06,8.721669784754743,-0.934502121186852,0.014339395163363126,0.013001344774116026,-0.11857322159829844,0.7002948467043986
2014-07-07,8.722424934641158,0.05242613425683174,-0.015625067302966693,0.04298505975355257,0.417526780374797,0.007395241508744377
2014-07-08,8.723180880170768,0.11642912770066999,0.10055987549219121,0.014896021770938975,0.06328236879728613,0.09785755470855939
2014-07-09,8.723937621904396,0.3138550419326084,0.0947745146442796,0.03965030661674929,0.12090170559591132,0.11187809378222546
2014-07-10,8.724695160259259,0.11131464838846103,-0.06714934889552476,0.10068579120481468,0.06872162949737422,0.18392956537182314
2014-07-11,8.72545349565203,0.2686727762414749,0.035795755764052764,0.030982082721094907,0.0701287488643616,0.1545635827131413
2014-07-12,8.726212628328266,0.07425530264687007,-0.0978319071135715,-0.028491743194270336,-0.02941341616098004,0.4940610876348135
2014-07-13,8.726972558505407,-0.9272334479351351,-0.015185517807352323,-0.0353293629583883,0.0014768284376662673,0.6611782808719067
2014-07-14,8.72773328644171,0.05664233390330879,0.0669611984857289,0.06375498747302384,0.11669659780935486,0.17667751216814231
2014-07-15,8.728494812375942,0.10907351785867403,0.054397676116148014,0.05085505207837808,0.06795690287864158,0.11904365636931402
2014-07-16,8.729257136206176,0.31633782165107127,0.04475025519433003,0.022716120084549016,0.1025266742674083,0.1746631026771155
2014-07-17,8.73002025757306,0.12533164851416673,-0.032821443355637185,0.0012272621978288017,0.08069965458058319,0.1676745078504691
2014-07-18,8.730784175979975,0.2598018878439084,0.042526512138488924,0.11501932672515654,-0.002543182870709572,0.14283733842279212
2014-07-19,8.731548890583442,0.05385896343134494,-0.03587726905691195,0.04305973972556123,-0.025290325182058808,0.414029394150333
2014-07-20,8.73231440039575,-0.9000355884410065,0.028623986536217807,0.07755135608315186,0.0728558976663675,0.2298291974682254
2014-07-21,8.733080704301365,0.06699708042108056,0.028371799255530076,0.036752570884860794,-0.04711353783794589,0.40413230144207013
2014-07-22,8.733847800692402,0.09209809907942719,0.05808315137971178,-0.033813926987031166,-0.03305725352249808,0.3607028005217128
2014-07-23,8.734615687396527,0.3003421056458609,0.021012877731866615,0.031739497998963424,0.10868986980128431,0.12633286717339942
2014-07-24,8.735384361805503,0.1186388812042509,-0.094023674269402,0.01269608351965807,0.04506234751966168,0.24372824085908107
2014-07-25,8.73615382088831,0.25011464791592686,-0.039209375292864175,0.020231061503364987,0.09334394825032513,0.14987925374834532
2014-07-26,8.736924061476863,0.043916929345018924,-0.1149737332335709,-0.0023866216581610437,-0.030390659160689493,0.44867413759800456
2014-07-27,8.737695080132122,-0.8320555078525195,-0.009619264402626924,0.030211437759948702,0.05300916538025471,0.2587165701224894
2014-07-28,8.738466872863293,0.08904328942849853,-0.20010782058080492,-0.02966987791840212,-0.053847352331763514,0.56328312638081
2014-07-29,8.739239435291646,0.06452392743703472,0.0629958637219284,0.07367524439368563,0.10216020134194577,0.08979032046340762
2014-07-30,8.740012762745563,0.2908873679345556,-0.055884522892549,-0.03841756385977495,-0.1451572910881469,0.5116008522335118
2014-07-31,8.740786850155516,0.1029016994138878,0.05678174650470846,0.06473548098678211,0.08599679275045066,0.08727212956202912
2014-08-01,8.74156169198469,0.23693056022683123,-0.000549090320239181,-0.012184277995220417,0.04524166857690316,-0.04813625611593153
2014-08-02,8.742337282165222,0.03605731135382932,0.08551596783789106,-0.054721487025387455,-0.036382091845056544,-0.06357460376308843
2014-08-03,8.7431136143034,-0.8090668546176548,-0.060090014761271134,-0.053750023216091666,-0.03851745367393805,-0.017511315261117488
2014-08-04,8.743890681933886,0.11827525187242703,0.039414734639375844,-0.09560524611642746,-0.0098471697897278,0.042426148271843545
2014-08-05,8.744668478348231,0.04083648841818215,0.006018696106095081,-0.03061858628449763,-0.03314217507662133,-0.0224135411367552
2014-08-06,8.745446996600135,0.2904755107872835,0.009982689467902994,-0.06528861341197893,-0.06260121725538713,-0.1682925705911007
2014-08-07,8.746226229597013,0.08718604158738325,0.091351347478039,-0.053188250201214725,0.04814559628908053,-0.3615524465697977
2014-08-08,8.74700616994161,0.24118653887266403,0.0827382618621366,-0.07012597362801856,-0.015891148769177976,-0.0418898120606368
2014-08-09,8.747786810046113,0.030156098291158253,-0.07556810734020852,-0.07321917976098317,0.018486072647193905,-0.005123666880107791
2014-08-10,8.74856814211049,-0.8063487030322685,0.04080702658374484,-0.09500616376170967,-0.1612253053997799,0.023089379223801387
2014-08-11,8.749350157672906,0.12394298104167562,-0.11777471027170787,-0.06986821379451937,-0.02309384996032599,0.040378860349189694
2014-08-12,8.75013284759791,0.012972405289720716,0.009228360992414406,-0.08721881076506968,-0.02045414346582662,-0.10107560626389578
2014-08-13,8.750916202536224,0.2812997606983119,0.09242287484682803,-0.03311111642876252,-0.24521499844833766,0.03248340960047358
2014-08-14,8.751700213040012,0.06877060398333093,0.04788131319444552,-0.04230688272622161,-0.15538070551875632,0.0002648435547740746
2014-08-15,8.752484869491093,0.25080255843575927,0.03662237594980508,-0.08315915754269686,-0.10939576252443486,-0.006177681500634691
2014-08-16,8.753270162157563,0.04077202869759543,-0.01782928456984348,-0.028291611930965466,-0.019043869222801272,-0.06619904475316396
2014-08-17,8.754056080918954,-0.7861724722395034,0.045754505780839894,-0.05295759511890677,-0.03438834713747744,-0.10651967983377553
2014-08-18,8.754842615301385,0.1249435175225949,-0.050703493671351185,-0.03073600360720049,-0.05367532716348609,-0.0722061233600737
2014-08-19,8.755629754592745,0.004105184145886237,0.05588927035293753,-0.037635786343421046,-0.07656091380363808,-0.1367213495791919
2014-08-20,8.756417487973135,0.2697953673458978,0.08027837397080193,-0.0969368900941304,-0.09473433640731453,-0.07820075021063033
2014-08-21,8.757205804492937,0.045540508413326346,0.0627210157410383,-0.04815097360760404,-0.03167487530331579,-0.0802662709540396
2014-08-22,8.757994692912568,0.2449225189641507,0.0035634685373392982,-0.09707929203617927,-0.07787394872215408,0.011455706860870052
2014-08-23,8.758784141804462,0.055243177362042754,-0.11280682576063042,-0.07589339796977505,0.04986014945724852,-0.026804576171789662
2014-08-24,8.759574139789375,-0.7622070988308622,-0.04950595228327116,-0.04671706679058826,-0.007197461741213334,-0.15300567471215665
2014-08-25,8.760364675605015,0.12951098663786664,-0.12126681632234697,-0.05674314310918795,0.016845315225581504,-0.10159314264369712
2014-08-26,8.76115573815873,0.023065458562625152,-0.023027630674635556,-0.09256514167762474,-0.022599840640448676,-0.02570965190567165
2014-08-27,8.761947316392678,0.2684163709280063,-0.21540221015914182,-0.01938883287185495,0.03607383041196623,-0.0364090560155379
2014-08-28,8.762739399051492,0.031098191762046125,0.056535659582150184,-0.057253194645359086,-0.048815998497375446,-0.2551616357308433
2014-08-29,8.7635319746489,0.2206642135752748,-0.05858539946036503,-0.029627874821773918,0.05565163665650092,-0.014242790451611143
2014-08-30,8.764325031559558,0.07309185504922397,0.04953512134220426,-0.007509350594221699,-0.05352359758400162,-0.041262319673874615
2014-08-31,8.765118558194633,-0.7229099484821618,0.00630713843081987,-0.02233117126136339,-0.03620629093959044,-0.012890552782090836
2014-09-01,8.765912542838851,0.12242666737415028,0.0969482898222401,0.07080831582016377,0.14364515856677593,0.1031869653205888
2014-09-02,8.766706973470217,0.031738258225062065,-0.051563016129417244,0.009582963545204494,-0.061999495808367965,0.5883824955310395
2014-09-03,8.767501837657372,0.23719741882864956,0.013916646406453077,0.09024033285228272,0.11620967362771119,0.22017803302974315
2014-09-04,8.768297122812198,0.029412367180699527,0.0025041357569045852,0.019044138643041202,0.014722316020861635,0.254030837038405
2014-09-05,8.769092816143955,0.19323476976672316,0.025892416132575945,0.1011323476654245,0.0688157459505148,0.19360360970065038
2014-09-06,8.769888904639657,0.09626114754540117,0.08339521454411572,0.05766409131474806,0.05032868370427294,0.17187684938050118
2014-09-07,8.7706853751567,-0.6798623594153685,0.0690560002840771,0.06278159846807983,0.09463496253745128,0.1566806709296209
2014-09-08,8.771482214609483,0.11824565661017537,-0.09370482156516739,0.0364371042544124,-0.06596661321529933,0.5245917230440735
2014-09-09,8.772279409913503,0.03833395678496211,0.04033142123059797,0.06757773699622009,0.017446586949518415,0.2964465969532313
2014-09-10,8.773076948040076,0.198790254475872,-0.12739674315820076,0.012825509921065206,-0.09034127113317685,0.6369109835367279
2014-09-11,8.773874816016981,0.03511728619160473,0.04971148691940681,0.07501169811510644,0.05001176074357691,0.20485215759914155
2014-09-12,8.774673000956131,0.1422219246061597,0.11633181284754306,0.04364368572082116,0.06552579463511914,0.08010056373090357
2014-09-13,8.775471489866655,0.12216443827713018,0.04202630439894941,0.08653928674387248,0.06425791644657614,0.07670763790656743
2014-09-14,8.776270269614203,-0.6452588779568457,0.03172420035875053,0.12018361674757087,0.03606556456708337,0.20487037797034446
2014-09-15,8.777069326870055,0.1238660083556806,-0.00955679557117458,0.06896441624568986,0.015710616500652717,0.17035598707873412
2014-09-16,8.777868648038401,0.057353415553791115,0.051400595517041625,0.08641197860680981,0.07612458182389933,0.1380052540531409
2014-09-17,8.778668219384446,0.18273234596717314,-0.0689334187449322,0.021996662187083224,-0.06282428747638043,0.5422052072525201
2014-09-18,8.77946802728545,0.04872603668729836,0.09506749083404137,0.02875518003689069,0.01142360254223634,0.08769220557941004
2014-09-19,8.780268058305577,0.06434186995400443,0.14000255772534032,0.08387592297086395,0.019466546728496594,0.13108040507737861
2014-09-20,8.781068299141566,0.14140847789312222,0.06921802007373362,0.10101409167594809,0.039772148465032554,0.14940760497272443
2014-09-21,8.781868736549338,-0.6139764082178685,-0.013642781987704303,0.03326290050158559,0.048842440416219865,0.24201410458748285
2014-09-22,8.782669357425707,0.12312764731656939,-0.14747960728796206,0.04318225874679029,0.05099073840158777,0.24589554734498797
2014-09-23,8.78347014887089,0.07868605588206751,-0.060825267751100066,0.11868929495685387,0.057933661098486355,0.15125635413838268
2014-09-24,8.784271098177227,0.18158543669663837,-0.1266957857550234,-0.02791495073699016,0.22097192961617942,0.4074221683491803
2014-09-25,8.785072192804485,0.0658816984272303,-0.04710406951177315,0.10551534449024629,0.10557412331541802,0.12528286381941456
2014-09-26,8.785873420288361,0.017613151223864004,-0.23273099845719186,-0.2590707754671377,-0.020125253015024176,0.9066238292457101
2014-09-27,8.78667476795089,0.1454752582542292,0.04860058820674466,0.0032555311434913567,0.14560777447615778,0.1558341090325701
2014-09-28,8.787476222959217,-0.5881949034164948,-0.054690512004078276,-0.012023831818249751,0.1163948772487852,0.2175931978204595
2014-09-29,8.788277772250677,0.1094875407733566,0.0316193702973593,0.031335474480206287,0.1406149424996044,0.10884685912837355
2014-09-30,8.789079402654806,0.07240481408230601,0.009555356429120618,0.09600792430539175,0.08982229952249733,0.0845307020906585
2014-10-01,8.789881100992439,0.1945212820289969,0.10572346129070455,0.03010158300129768,0.46170040388463457,-0.028409045073807704
2014-10-02,8.79068285408054,0.07453975230607418,-0.04171178864654973,0.014943618369703749,0.0508124837611719,0.36188309454920997
2014-10-03,8.791484648934235,-0.007284941328729561,-0.009472852654457152,-0.5393821465997971,0.05436008501093596,1.1829699977899644
2014-10-04,8.792286472576492,0.14748815528145628,0.006845784518446144,0.08196111963635593,0.24390177063137453,0.11881811772068751
2014-10-05,8.793088312041242,-0.5857980907287044,0.030256816886799646,0.009457807388455228,0.10851589652463245,0.16118873233161857
2014-10-06,8.793890154335482,0.09234182068465424,0.07837256786913965,0.04092723434809372,0.09753436283575531,0.1058889728746557
2014-10-07,8.794691986562425,0.05958143577352404,0.05372428994547878,0.013802873530387253,0.09541432307168657,0.10436878212755829
2014-10-08,8.795493795929044,0.24020657360270392,-0.10190195338917225,0.03465585696044185,0.015448603613985847,0.46206622139921727
2014-10-09,8.796295569727958,0.08243681495458285,0.036235972554093096,0.10529427386292663,-0.003224346334904363,0.1039572990251596
2014-10-10,8.797097295394746,-0.016721497299326454,-0.13234772681230192,0.026670957249206026,-0.051016133211859355,-0.01912372312728472
2014-10-11,8.797898960661168,0.14758869565956995,0.10623840261972242,-0.029398087559952532,-0.27509940021488527,0.31302096863783824
2014-10-12,8.798700553494571,-0.6178936136193327,0.1320838714261106,-0.035158873205232324,-0.050493829809636785,0.1065306784225406
2014-10-13,8.799502062079652,0.07384218875162638,0.03641606748955315,0.06539474076334174,0.1109517864297568,0.12019970151895443
2014-10-14,8.800303474907768,0.0537678993821363,0.02985092457620231,0.05311114067679381,-0.02622585791708702,0.35134922977369065
2014-10-15,8.801104780756935,0.29210337721824053,-0.007334483737525221,0.028420643113715793,-0.00404246270280335,0.29986570918883615
2014-10-16,8.801905968694356,0.09003262082730984,0.05588031455082694,-0.004970803503674237,0.07894018301023692,0.1254937512465375
2014-10-17,8.80270702792247,-0.012783251799270326,-0.09019726794887695,0.1226054500733021,0.11076588307467036,0.3241830805791146
2014-10-18,8.803507947720796,0.1411198263855033,0.13819407690254912,0.04313984726962111,0.09578476364257635,0.08978693376934466
2014-10-19,8.804308717514772,-0.6657142968779505,0.20493331816116922,0.0881519400149208,0.08049149133089134,0.08971862123168961
2014-10-20,8.805109326790063,0.058636320433022665,0.07278039577862778,0.03671737047126075,0.12150676102481967,0.09895072612541789
2014-10-21,8.805909765220274,0.05128283625954447,-0.029488987845572665,-0.038181684816427995,0.059612884364131015,0.22986160056114713
2014-10-22,8.806710022583509,0.3353955941482639,-0.17110555936877822,0.028372812809349814,0.03306091822858777,0.4112289529047768
2014-10-23,8.80751008874699,0.08454480805558892,-0.06962621223923712,0.013581732813174851,0.09124312281139034,0.13049225680162913
2014-10-24,8.80830995365969,0.03538222633303739,-0.12533808394659804,0.018430318998582947,-0.01349240199509489,0.508756620719959
2014-10-25,8.809109607306988,0.12458750903230498,-0.06873282267263803,-0.005229068038677742,0.042691927774941456,0.27461772510375404
2014-10-26,8.809909039678681,-0.7063513586866597,-0.24706439482857714,0.03375648288198024,0.03169865284690329,0.627150330534894
2014-10-27,8.810708240822663,0.04524785289864661,0.035868918325226554,-0.031153875128977753,0.13321360694849604,0.2298207159002139
2014-10-28,8.811507200763137,0.04427738706463541,-0.050302279363547975,0.07617812971396803,0.11045400486088641,0.045682331705597434
2014-10-29,8.81230590943893,0.37279131185468617,0.004584108292052573,-0.03301989510391527,0.0611777952186433,0.1935718288217494
2014-10-30,8.813104356652014,0.07014813204628281,0.010124545408054096,0.06268045006524259,0.06742436389232975,0.109598898204192
2014-10-31,8.813902532120322,0.08773434031381233,0.11181517303594729,-0.013153446249784657,-0.04712456823313888,0.3644571923495121
2014-11-01,8.814700425688228,0.10860179729540437,-0.023287698424621854,-0.055425749422797994,-0.09266996388044213,0.22648874675240727
2014-11-02,8.815498027306989,-0.7236802922121397,-0.029307550346127684,-0.06350647841804004,0.042348989092584575,0.04291867869672572
2014-11-03,8.81629532714542,0.03848324786389071,0.01508620838730107,-0.09937993115368726,-0.34652457520418806,-0.018118846556838264
2014-11-04,8.817092315371928,0.04203377454109222,0.03359058715194091,-0.03547424680313198,-0.32199419418564024,0.7132091632930777
2014-11-05,8.817888982169887,0.3767152356880654,0.07097480110092866,-0.06189672903188242,0.09693946516140178,0.2962580250865283
2014-11-06,8.818685317903107,0.05969392875869975,0.033923607303065,-0.04582596524456868,0.16823818755973113,0.14413906615943262
2014-11-07,8.819481313031707,0.12360791416006964,-0.09872056451664989,-0.0703552173489737,0.16524306397988575,0.3334404424164763
2014-11-08,8.820276958201623,0.1040685711780174,0.028467848862043937,-0.06910521848564352,0.26684865085720233,0.06675947301391716
2014-11-09,8.82107224424567,-0.7439382440779411,-0.12817570573847048,-0.09429473959902267,0.14642918571130956,0.4652209651723087
2014-11-10,8.821867162336147,0.03980704870989504,0.14629157604639975,-0.07229315915249934,0.15798956608170361,0.03229835357288202
2014-11-11,8.822661703806851,0.05323085585443668,0.13757416011283666,-0.08928908446119838,0.128029494364743,0.12954012763059275
2014-11-12,8.823455860164199,0.3597427630417626,0.02548689372612648,-0.03215094319920776,0.12436049743976255,0.10721910432307169
2014-11-13,8.82424962319716,0.057381709832148464,0.026764558751415674,-0.047047636548147254,0.181923362079128,0.09057133101315351
2014-11-14,8.825042984662009,0.13449300609950768,-0.004941059015132601,-0.08782933411402176,0.15410410910521294,0.1703262752567074
2014-11-15,8.825835936289607,0.10304199292503569,0.0538075641022064,-0.02486482290003991,0.1647464232389082,0.1339210019360113
2014-11-16,8.826628469804449,-0.757783679719403,-0.1017938461242144,-0.049050764760047785,0.09850162554282475,0.5815846863363632
2014-11-17,8.827420576845492,0.04856331723243984,0.15549656960632358,-0.02430598734289699,0.1159925455062178,0.10771717316154295
2014-11-18,8.828212249230928,0.0742042170935068,0.2695250307570513,-0.03784603060727555,0.1115730426446094,0.05142031361825161
2014-11-19,8.829003479065502,0.3468871258254701,0.06922909612318512,-0.09571249089982972,0.20713261754502527,0.08365711282647226
2014-11-20,8.829794258639588,0.05947641833930367,-0.04510395385239583,-0.05552814136509026,0.2037839356496834,0.1503612368859617
2014-11-21,8.830584580312081,0.12318485026668341,-0.1800402426296251,-0.09410348912199493,0.07820038994915679,0.47205069820196677
2014-11-22,8.83137443625043,0.09728179800686451,-0.07815888107959808,-0.06536405156156522,0.22152979751929505,0.20461533272497512
2014-11-23,8.832163818445867,-0.7574310110864647,-0.1140003953039272,-0.039085577908990185,0.15087909666341845,0.450458258364419
2014-11-24,8.832952718782336,0.057994739227028524,-0.08319260504335399,-0.06101831431658534,0.1094875719061347,0.3078150123307779
2014-11-25,8.833741129132006,0.09784284705437185,-0.2502436024419702,-0.09113729102166267,0.06794802821177086,0.4770373898302527
2014-11-26,8.834529041504647,0.3327668532049295,0.022335202030291698,-0.023592546096312547,0.20733818851985628,0.10450202697009203
2014-11-27,8.835316447982535,0.05976719910907008,-0.044945762153485204,-0.053241377913406926,0.13537751920024724,0.10470996274213107
2014-11-28,8.836103340581449,0.11130111133663909,-0.021191640536624083,-0.03011308738946611,0.13410898842303348,0.19062511022478645
2014-11-29,8.836889711376218,0.0953285879047962,0.017836920995632805,-0.008167650740151272,0.12882800731198868,0.10858593555346197
2014-11-30,8.837675552434035,-0.7507431207306544,0.11304059001193748,-0.018475411176827043,0.18557544521862074,0.12358969488664151
2014-12-01,8.83846085580961,0.06745948823599707,-0.0034692920769635732,0.07698724916609724,0.2056618491655685,0.12151829691825
2014-12-02,8.839245613514363,0.11701410496937723,-0.04271438421090511,0.019491377732537854,0.08511921363857015,0.19087188520063947
2014-12-03,8.840029817766007,0.30486013431762354,0.017512065180517098,0.09544984594604125,0.14115610405838283,0.11880019254786234
2014-12-04,8.84081346086556,0.05844886270474357,0.040193000950113675,0.0277560511788184,0.15360988269184614,0.16815116521262752
2014-12-05,8.841596535055748,0.1125902055562184,0.06148371195197738,0.10753684431657332,0.11329507464652357,0.06895233925968824
2014-12-06,8.84237903239973,0.10848794075213511,0.023506813771141135,0.05600854643673171,-0.4429967227104581,0.50048131788588
2014-12-07,8.843160944816876,-0.7689993440927959,-0.08910584290369129,0.058154294905992616,-0.2957103984356218,0.7025318451483251
2014-12-08,8.84394226408145,0.07523913308475527,0.02066446387678635,0.039878220334011553,0.09545622329894113,0.20166253363430542
2014-12-09,8.844722982051719,0.13960274951797222,-0.110338210280123,0.07067651392024837,0.17084452872931036,0.17758917537785557
2014-12-10,8.845503090716022,0.277000112259927,0.1408532753741868,0.02420028166719841,0.1684634100086867,0.2018057413662504
2014-12-11,8.846282582136633,0.05505344944380876,0.1308190383704462,0.08136655929803661,0.15090204824663975,0.1060797210170481
2014-12-12,8.84706144857358,0.12132351587613915,0.014681967027319191,0.04494742032021223,0.24400469228742913,-0.0011447838199902804
2014-12-13,8.847839682357677,0.1254204116063832,0.022838459110091445,0.08592183594896691,0.13670175750772431,0.05782666352640753
2014-12-14,8.848617275987365,-0.7990243372671231,-0.001536215003785545,0.12863078454551138,0.25159122330402284,0.09078111656206822
2014-12-15,8.84939422203592,0.0843227523558731,0.043448399638319715,0.07134876140879975,0.32991053763715567,-0.008413684195829774
2014-12-16,8.850170513120302,0.1578081053326104,-0.09496633733360708,0.0993116004463819,0.26141248767393344,0.14262076422455827
2014-12-17,8.850946141952486,0.25641295866623265,0.14000320471060054,0.031192766563291063,0.15711106763673166,0.1108727173157451
2014-12-18,8.85172110137287,0.04380777085213791,0.27634200356070915,0.031663476566543586,0.16778724239594847,0.019449883746286645
2014-12-19,8.85249538412399,0.1356966066237185,0.05899845340436432,0.0947885761985128,0.30858154636104074,0.028611418963778945
2014-12-20,8.85326898311077,0.14211654632643014,-0.052180470319434825,0.1094403521443977,0.38748652952872975,-0.0015702114067153161
2014-12-21,8.85404189148271,-0.810875353477439,-0.17615330818821362,0.04447124805893177,0.4198006483112694,0.6128968156996955
2014-12-22,8.854814102722163,0.09638754942986895,-0.08459955627235849,0.05101827175178286,0.7039188405349556,-0.09315915441465705
2014-12-23,8.855585610780388,0.15270135941714033,-0.09801745242011352,0.11500855410417624,0.4851009168099865,0.0018788500034503386
2014-12-24,8.856356410013746,0.23923518381355946,-0.09333934865375441,-0.02173668182020123,0.5597836880165307,-0.08036028898769132
2014-12-25,8.85712649508687,0.021360470121051002,-0.24272990661283483,0.11535520976435246,-8.750381893215591,-0.0007303751438456629
2014-12-26,8.85789586097209,0.1601129793708628,0.013169245276226847,-0.3366794102497367,0.48645173918413953,-0.0007937210134141282
2014-12-27,8.858664502953813,0.15237674238832105,-0.04150707147188349,0.0027201269225572196,-0.2007055092012033,0.015550766386432713
2014-12-28,8.859432416486651,-0.8138983244478297,-0.04457251578262507,-0.01048025925773194,0.0034262659055252754,-0.049422511195563956
2014-12-29,8.860199597349459,0.10917237939402166,0.03433754798952112,0.03459547310207206,0.10145613438810518,0.027837173908348944
2014-12-30,8.860966041627988,0.1365013791833672,0.11216540203380046,0.09337718198904535,0.047881634649774116,0.058373734583248904
2014-12-31,8.861731745714982,0.22642397696830668,0.002315340010239474,0.02966131236425059,0.17218206923512688,-0.008910616909307834
2015-01-01,8.862496706426775,-0.003919900108921223,-0.046388605776845046,0.015839199120393128,-8.716702863413667,-0.11132453624773397
2015-01-02,8.86326092092354,0.1801946753801158,0.017377650802819083,-0.6436154890805014,0.014906789284199907,0.04399724348669132
2015-01-03,8.864024386743315,0.1629364280431741,0.059037940640183334,0.0911712331716886,0.21746636006206876,-0.8244771526167707
2015-01-04,8.864787101729839,-0.8164077352586644,0.05599615440263002,0.006129442142958231,0.10394020229685648,-0.19610060932729034
2015-01-05,8.865549064007348,0.12364770793824693,0.03151961410007216,0.04096495414600117,0.08705593074579669,-0.10139641451027082
2015-01-06,8.866310271961854,0.11374596688829898,-0.08785419668633244,0.014547546865600374,0.0989792276668474,-0.16179429443885596
2015-01-07,8.867070724250071,0.21087179069139603,0.010982950881848391,0.03363167677386226,0.07436189153074851,-0.16776330547681084
2015-01-08,8.867830419956892,-0.024768191912663162,-0.09120628598340448,0.10583230299369172,0.2649393098058232,-0.37386401750649867
2015-01-09,8.868589358567212,0.19664588878855427,0.14551123704221847,0.02171781370143304,0.2627726591134107,-0.5562432105914255
2015-01-10,8.869347539860287,0.17903440404358253,0.1207273680724616,-0.026243759280753884,0.21387195439289075,-0.45072864339772956
2015-01-11,8.870104963685716,-0.8136585912778007,0.010229819529839068,-0.030149607974870686,0.050053094061597275,-0.1033712243748326
2015-01-12,8.870861630051458,0.15043653748282756,0.019421838404377254,0.06233517193307653,0.17028541812968626,-0.3747688627505692
2015-01-13,8.871617539174805,0.09805439823151145,-0.0030771497432029553,0.04957388648234658,0.16354088261623456,-0.289330398835693
2015-01-14,8.872372691584069,0.19758248501332593,0.04766441709786889,0.03146407178622062,0.2775356160149443,-0.5097356231647652
2015-01-15,8.8731270878547,-0.03693493899373454,-0.0894587138326983,-0.010379600360115877,-0.014979927888984786,-0.10404528672784252
2015-01-16,8.873880728548285,0.1988520378384237,0.12969188368375906,0.12186342035304935,0.2631448418527002,-0.6483784344152586
2015-01-17,8.87463361429572,0.18027877028380232,0.24805227489161527,0.04262283815916788,0.17080941129497085,-0.5907469557957405
2015-01-18,8.875385745602268,-0.8024939630258856,0.057796592510209084,0.09751572193371934,0.09793604475417532,-0.34802322570141975
2015-01-19,8.876137122850349,0.18657628507796592,-0.046140462166044706,0.035184791855954814,0.06700296998957812,-0.2387375731821635
2015-01-20,8.876887746175592,0.08438887890698452,-0.17535993810655448,-0.04126354224759589,0.12437208599511118,-0.12942187685697348
2015-01-21,8.877637615541602,0.20239369684997255,-0.08469901799886444,0.02392571149351609,-0.033292126956550115,-0.06372833457698412
2015-01-22,8.87838673088245,-0.04468082031619788,-0.08559849213523549,0.01475743348609368,0.10291348198629877,-0.08121879394312792
2015-01-23,8.879135092183635,0.19047900693326975,-0.10540425917733216,0.01823712191119468,0.033296551003842254,-0.12020471176049341
2015-01-24,8.879882699456633,0.14902810455820953,-0.23037760724195894,-0.005880925944072239,0.1112767670456625,-0.11845573058186964
2015-01-25,8.880629552846447,-0.7827717967236257,0.006495055326391054,0.036784301892007217,0.17127901025157427,-0.44482759895491775
2015-01-26,8.881375652421609,0.21443405599235696,-0.04588843028454802,-0.03454618035417257,0.07211957507671006,-0.3225229191900798
2015-01-27,8.882120998238314,0.06765819277138777,-0.0697368266372096,0.07544741769483068,0.21126258001008474,-0.468813187765484
2015-01-28,8.882865590325446,0.20382774523376898,0.05084999450106351,-0.02772070483650497,0.10891165886058717,-0.2977464429990988
2015-01-29,8.883609428588638,-0.045219353232825416,0.11511823851134009,0.05860244636726286,0.04707899113126843,-0.23832396705659242
2015-01-30,8.884352512811112,0.17671263770800114,-0.0026645025244078184,-0.01310547782938265,0.14938400254281045,-0.13080236869010697
2015-01-31,8.885094842697024,0.1462550590369208,-0.041144091167843524,-0.051315807508610305,0.0671793860642198,-0.11386191223744646
2015-02-01,8.885836417976218,-0.7739645298057293,0.021695881110609348,-0.06493549007955465,0.10868012812356648,-0.09075998825807297
2015-02-02,8.88657723829737,0.22545698062277486,0.0767218702739402,-0.09265037987314381,0.04911757166097934,-0.16845603474197368
2015-02-03,8.887317303235614,0.05718221727639032,0.051430794953956124,-0.033707406622558264,0.04083093797186347,-0.1262863387066222
2015-02-04,8.888056612287242,0.19708017594019106,0.038082073140231876,-0.050626737871797146,0.020333749012666585,-0.19093419741837003
2015-02-05,8.888795164874708,-0.027446278349652437,-0.09372595744334572,-0.03564254925338363,0.020994609423821906,-0.06432690562400367
2015-02-06,8.889532960297933,0.18106941566911294,-0.0019861609652619405,-0.06763804417088594,0.022532393164823725,-0.09815098288648016
2015-02-07,8.890269997717148,0.14198500618687343,-0.0745112172952351,-0.06552056732416486,-0.09953886505085835,0.026438574893285605
2015-02-08,8.891006276363782,-0.7688532725130233,0.15316294212876572,-0.09480685227404342,-0.6061483587692639,0.44403026074030016
2015-02-09,8.891741795415435,0.22710018830230888,0.11593175026409366,-0.06760450581437559,-0.3966501367539614,0.01812754474627809
2015-02-10,8.892476554006336,0.04948496178448762,0.009132955869943652,-0.08516221097051907,0.00472911668001549,-0.04137310097193847
2015-02-11,8.893210551091869,0.1856335574608164,0.014992496159241794,-0.025318049597802622,-0.24691732594673715,-0.008851847691992987
2015-02-12,8.893943785563499,-0.012155022869568516,-0.00872181611249033,-0.04504452101243163,-0.11715537048180952,-0.001892525366399056
2015-02-13,8.894676256325608,0.19608592761605265,0.05905147342299563,-0.08201517079365718,-0.0016496140169278842,-0.16710712961269003
2015-02-14,8.895407962278364,0.12410867109551307,-0.0945969110097998,-0.015523629409651716,0.11433493638152561,-0.42571371255559853
2015-02-15,8.896138902545436,-0.7551484774330707,0.12860201329765578,-0.043573482002070334,0.07461628065242286,-0.73653110701337
2015-02-16,8.89686907642136,0.22595745041003087,0.2354688421948425,-0.012907605380622751,0.23276785318739113,-1.9503571203653607
2015-02-17,8.897598483210258,0.04627249624013678,0.06260986131829645,-0.0341864362505026,0.06188835773547905,-1.5060865071480691
2015-02-18,8.898327122030443,0.17375017576390092,-0.03747681117100178,-0.0883031141089585,0.06370388958325392,-0.13872313792781021
2015-02-19,8.89905499184192,-0.006171844097342588,-0.18699603262074488,-0.05465752740753058,0.08491484951537266,-0.1402350791469562
2015-02-20,8.899782091599082,0.20800130762218763,-0.07813657383644829,-0.08335194918247911,0.09823781418688678,-0.06343857843115863
2015-02-21,8.9005084203489,0.11669317528935272,-0.07521202373672345,-0.05159764743271811,0.08348082273049243,-0.08992963529441944
2015-02-22,8.901233977366163,-0.743586858630914,-0.1163838171426279,-0.030249953485165324,0.06692292351409788,-0.09412963188341017
2015-02-23,8.901958762264487,0.21118905393507545,-0.20700330903214886,-0.06076112315497911,0.09415218853351964,-0.11919752607602341
2015-02-24,8.902682775149588,0.039807395914753685,-0.0013658647373544948,-0.08677545593926242,0.07071781441514875,-0.19952929438579758
2015-02-25,8.903406016232942,0.15819985393652436,-0.04944894860612502,-0.023134269922620528,0.057503164354285485,-0.1719361238247803
2015-02-26,8.904128485580493,0.0002965978594410279,-0.08744429823767436,-0.043936314030094424,0.019163769604047656,-0.13248615609173697
2015-02-27,8.904850183128246,0.2376730435816336,0.05955710655838404,-0.025738335001618914,0.04528362910975822,-0.2701904493561429
2015-02-28,8.90557110875604,0.10847535595758664,0.1156074839166989,-0.005577563227230371,0.08438639092034285,-0.36026943574188586
2015-03-01,8.906291262245526,-0.7288384112375909,-0.013588491569433873,-0.016451870669216145,0.0499845901762942,-0.0879820687296533
2015-03-02,8.90701064322227,0.17507172674773352,-0.02990282897031288,0.08089322350705688,0.11275500322787367,-0.3987065636384113
2015-03-03,8.907729251190037,0.029672997356637337,0.025388454436968126,0.030479084931045806,0.04684779980572171,-0.17588617679824203
2015-03-04,8.908447085514775,0.14570606462838842,0.08429439289243477,0.09595016012413075,0.04889674167123491,-0.35511846242158285
2015-03-05,8.909164145499192,0.0035636182689427753,0.05378247272696217,0.03557699041734497,-0.009427356693990287,-0.20460462305508287
2015-03-06,8.909880430305016,0.2898646166558483,0.03321300251793728,0.1073317505504761,0.09905189187143926,-0.5517362272138548
2015-03-07,8.910595939060947,0.08775014357883196,-0.08456683735504487,0.050326178031206203,0.10288277593199777,-0.101298635310199
2015-03-08,8.911310670993455,-0.6992843978606278,-0.013496001397853223,0.05488748964503647,0.08138913177254083,-0.3692005597157273
2015-03-09,8.912024625253437,0.12689291812512693,-0.05763097951681338,0.04222834508105443,0.006767311530198576,-0.033885350348567655
2015-03-10,8.912737800964967,0.02010276186686419,0.1486881537869834,0.07193547406641838,0.128158646005139,-0.4518620032396221
2015-03-11,8.913450197219664,0.1490619840666643,0.10424152934142461,0.03710384628387306,0.11511757905646619,-0.36019283623731013
2015-03-12,8.914161813110299,-0.005246969344034957,0.007288791165030499,0.08107794788485903,0.0807902336513456,-0.41813539201230476
2015-03-13,8.91487264761819,0.32568452407668735,0.008282256980603742,0.04339315577646404,0.17151883511722288,-0.43396313082906346
2015-03-14,8.915582699630257,0.07783397240554653,-0.014971763633925547,0.08311062107474908,0.02959161286727992,-0.16595153437746823
2015-03-15,8.916291967917541,-0.6761647099493145,0.059610257235164055,0.12900775869092065,0.08050658936758398,-0.5301900618659801
2015-03-16,8.917000451253289,0.10225244975886238,-0.09950501559643982,0.07038581738324391,-0.031877289678916884,-0.12561079144074583
2015-03-17,8.917708148605744,0.01913303623340487,0.11901369409694347,0.10526657807478146,0.1365993039844469,-0.562209080176439
2015-03-18,8.918415059103356,0.14971058590935354,0.22012094412015723,0.03781194722778311,0.07641650641549416,-0.6365914167411635
2015-03-19,8.919121181953292,-0.009995128643097123,0.0597527145330186,0.033400391322298585,-0.09032231394567214,-0.1247766699920998
2015-03-20,8.919826516493805,0.340939407805905,-0.031917749134183465,0.09597759286913127,0.13509845491174646,-0.44243391610574
2015-03-21,8.920531062231,0.07949286628823292,-0.18413770769624688,0.11355428798760371,0.07132802117650482,-0.1210121643356743
2015-03-22,8.92123481861497,-0.6727929802885909,-0.06746943212634353,0.05382185588513508,0.07199558742643726,-0.30691498055336197
2015-03-23,8.92193778499358,0.0852228260410309,-0.06051157358162061,0.054460549966015,-0.09457482965477067,-0.1281376671516572
2015-03-24,8.922639960686382,0.01960756795893223,-0.11735531674137376,0.10806375107895262,0.015377021461740102,-0.13196689372861847
2015-03-25,8.923341345040985,0.15669073076633022,-0.16342514318659687,-0.015842160693383796,0.10699791636931377,-0.14695766507557373
2015-03-26,8.924041937609282,-0.009578384648400773,-0.01541199816299008,0.12303560524828437,-0.18470468199224788,-0.18824968524087815
2015-03-27,8.924741738161764,0.3486578882236986,-0.04895881121467856,-0.4244917367676077,0.07105596946452752,0.04805719733017
2015-03-28,8.925440746570919,0.08302473957419468,-0.09695266745386444,0.00208966465455393,0.057799737191086345,-0.1452228101582662
2015-03-29,8.926138962696998,-0.6775813834566603,0.0581944759464881,-0.010898018580451682,-0.29876000536328196,-0.06526899671861308
2015-03-30,8.926836386437431,0.06987126103747146,0.10869252036376116,0.033705844439576554,0.07720091256710226,-0.5405085325858145
2015-03-31,8.927533017622162,0.019798704443016762,-0.02172962661195076,0.08313663558727055,0.007947462836465543,-0.19464456872804803
2015-04-01,8.928228856000814,0.17640073825672217,-0.01813565706340548,0.02796440722581159,0.03934994787455678,-0.14011341666379984
2015-04-02,8.92892390147473,-0.003876803640157661,0.0273542965885693,-0.000372508133437267,0.9504662831706449,-1.0441219831840076
2015-04-03,8.929618154047139,0.33730242645094066,0.08029412216408206,-0.7699597865593439,0.08360743427437403,-0.7491036751574196
2015-04-04,8.930311613760693,0.08553277821798796,0.05606482173929067,0.08678422653434543,0.1768780674898918,-0.7266233579294088
2015-04-05,8.93100428057029,-0.6925835067882484,0.024571767061768945,0.003544740265080863,0.05312184328385804,-0.4395504108799315
2015-04-06,8.931696154286346,0.061107031145047286,-0.05771777577977129,0.04218096166380993,0.02113195923744434,-0.09055550686344205
2015-04-07,8.93238723464927,0.02999323763958822,-0.021016642123701173,0.015366766829798335,-0.01357641802235099,-0.07751712622539486
2015-04-08,8.93307752130503,0.20098819913420643,-0.04101891220277023,0.03656863129579241,-0.06537643049777546,-0.08624301394994482
2015-04-09,8.933767013885884,0.0007346134257627257,0.13206813701155876,0.10280996208506427,-0.015866575902556874,-0.41914426067774
2015-04-10,8.934455711980338,0.31186838094920255,0.07954915690909391,0.016740819631720374,0.06062981394861241,-0.42055621371504337
2015-04-11,8.93514361511695,0.0975737738672744,0.00483621210920155,-0.016633160426162464,-0.0315742060709291,-0.1278223368040745
2015-04-12,8.93583072273079,-0.7322402862380576,0.003945251343858102,-0.019469790500683412,0.03880264150504315,-0.3350917400568818
2015-04-13,8.936517034100046,0.0670244298258219,-0.01792636637491888,0.05373263252412769,0.016598605545864085,-0.2491037581839084
2015-04-14,8.937202548254866,0.05445623305825417,0.046911369416136786,0.03968240243384631,0.004876024290298508,-0.4172490370812163
2015-04-15,8.937887264045978,0.2176594770477424,-0.09170859289232278,0.030131978778873997,-0.040846178347720564,-0.20804009433810755
2015-04-16,8.938571180077554,0.0038082965382535694,0.09340616709383631,-0.016617667649927084,-0.07494956877101583,-0.17444791930105552
2015-04-17,8.939254294720573,0.28625327145253093,0.19614228208002588,0.10932401106624774,0.027220331313854398,-0.7099205536403677
2015-04-18,8.939936606160371,0.11812610641845174,0.04603126496554337,0.040452647538806195,-0.3104285529720808,0.04844255384262297
2015-04-19,8.94061811236452,-0.7803543292894056,-0.029962730934612235,0.10267449892449838,0.11855226339683136,-0.27087871829106724
2015-04-20,8.941298811029757,0.07912129689818875,-0.14281459192595206,0.03228692144083687,0.6069837710653184,-0.6694387052247794
2015-04-21,8.94197869968865,0.07988098677496507,-0.052313358745094934,-0.042495814929003436,0.2057805325926205,-0.24872758994570354
2015-04-22,8.942657775735745,0.2340025394804685,-0.04059589429099965,0.017530486771378945,0.13940292786398764,-0.10736612380352994
2015-04-23,8.943336036477623,0.008515097598328192,-0.09936244294454402,0.014697801400736536,0.10377362550702818,-0.20555385814604854
2015-04-24,8.944013478991602,0.24835660736868265,-0.12040727662151673,0.018414156010603578,0.05666996117798379,-0.1939856501858035
2015-04-25,8.944690100017768,0.13488093665160894,-0.032958177135286225,-0.0054789220910485105,0.0873012201801164,-0.3002866753453244
2015-04-26,8.94536589597876,-0.8161760106409464,-0.04735413652760177,0.03931081256957063,0.07022770254741001,-0.23325970474034108
2015-04-27,8.946040863089463,0.08562568860315806,-0.0981113795733912,-0.04035043539162377,0.007777677844222904,-0.09678832965352235
2015-04-28,8.946714997478406,0.09542600743756682,0.05123210171104771,0.07122999734792916,0.09407779754189743,-0.609394925025887
2015-04-29,8.947388295111459,0.24819132447055908,0.09126625299490757,-0.021342350849637527,0.0870732773634506,-0.5005361188128106
2015-04-30,8.948060751692626,0.014603593553221217,-0.024806936246929936,0.05283641978955987,-0.019667924898124536,-0.14705929503922022
2015-05-01,8.948732362629759,0.21655782864055678,-0.01284922180154997,-0.01005897165010766,-0.12300405890448578,-1.1152653437463167
2015-05-02,8.949403122952974,0.14008749921686847,0.02446221959516458,-0.04219601848824195,0.0768318543994466,-0.26223564402133626
2015-05-03,8.950073027305846,-0.8157947972972803,0.07573509941291923,-0.05922942787068189,0.14574009667451274,-0.38308711030316545
2015-05-04,8.950742070054169,0.08946133667189096,0.05524653273998766,-0.07848498268328184,0.014098356180387933,-0.1365229089518447
2015-05-05,8.951410245336026,0.0939862053067924,0.027057523971965192,-0.02528402625398045,-0.00558757856217546,-0.1534128288048695
2015-05-06,8.952077547107221,0.25121555249957755,-0.02159021507329468,-0.03417041529550921,0.03155507111463346,-0.143534578505097
2015-05-07,8.95274396922425,0.02292261558836159,-0.023817023814540345,-0.022058313634014427,0.05599189499711238,-0.17407413182037246
2015-05-08,8.953409505651283,0.19875410697093598,-0.02317087527949677,-0.06266515446600875,0.14544955152746192,-0.1350240446143065
2015-05-09,8.954074150403587,0.13633687809987274,0.10239892053661073,-0.06205112820202342,-0.011041525305924331,-0.08727683265790631
2015-05-10,8.954737897573365,-0.8042220340967383,0.04748989977091901,-0.09462378743622755,0.1657494718946955,-0.4930050600499225
2015-05-11,8.955400741254833,0.08870364749212775,0.003501409543656936,-0.05752669825627296,0.05471769660298806,-0.15035924960910663
2015-05-12,8.9560626754319,0.0989693521367187,0.0012620532720918308,-0.07380493787020262,-0.0026532407917829407,-0.0935572594010523
2015-05-13,8.956723693966005,0.25247787497009544,-0.023666961684313693,-0.011639182103673687,0.054158543441046335,-0.2241866264397281
2015-05-14,8.957383790793212,0.027035552118413797,0.028678031488840353,-0.03782427364428319,-0.041981907320315225,-0.217633939381912
2015-05-15,8.958042959763397,0.1834850164857168,-0.07673780953904828,-0.06792097381280689,0.008637017414545037,-0.07450044799959699
2015-05-16,8.958701194438476,0.1353395896256325,0.050218713680354576,-0.0007811434210132067,0.08985722898159883,-0.339031628456512
2015-05-17,8.959358488187213,-0.7980571129132238,0.16164688474565073,-0.03521956813790238,0.060672588551990966,-0.33648878103793756
2015-05-18,8.960014834337452,0.0927521492829985,0.028299188675116306,0.002349538606382269,0.07053322624283682,-0.29638810605100474
2015-05-19,8.960670226166037,0.10478327104014935,-0.026069019528183815,-0.0267932409460883,0.03322408614560636,-0.12147057953257168
2015-05-20,8.96132465690512,0.256760778389545,-0.09649172020724107,-0.07449480652263242,0.034053526424683414,-0.04793416045386856
2015-05-21,8.961978119867029,0.02435017676189008,-0.0340792743972432,-0.04715183224979819,-0.0013945842485550489,-0.08253719965804862
2015-05-22,8.962630608444538,0.17474867814877826,-0.024977598774976014,-0.0660455225018353,0.02988264663484002,-0.0541418990712792
2015-05-23,8.963282116189793,0.13323054360392106,-0.07036383951720046,-0.03593839729515712,-0.0489651888737402,-0.0833540329536806
2015-05-24,8.963932636950371,-0.7887556481292313,-0.08942166644964655,-0.020637841328228552,-0.21364225736322184,0.25501637313275793
2015-05-25,8.964582164778106,0.09496718796239723,-0.04510637938400615,-0.05657166958343404,0.034191134672794714,-0.030040359079624324
2015-05-26,8.965230693838006,0.09404362141463275,-0.04629486937527814,-0.08016985103492173,0.0439449776887581,-0.0023059148758974857
2015-05-27,8.965878218432824,0.27256915981658975,-0.08688392949414851,-0.019831747915656197,0.034712376437303454,-0.0952276212580383
2015-05-28,8.96652473290454,0.018953569987664284,0.04582526221689438,-0.030737776540406707,-0.30405986591641737,0.20761005905221452
2015-05-29,8.967170231696214,0.1742948569106459,0.06681976881860886,-0.017040566643940762,-0.06769254318617918,-0.040966908794896284
2015-05-30,8.96781470951152,0.12301852852598444,-0.025079937027505144,-0.0008173795754654323,0.0248254530757838,-0.006859679218997883
2015-05-31,8.96845816125359,-0.7695336334542705,-0.008817745086945817,-0.017922017881994934,0.04624991062226989,0.03882078508076958
2015-06-01,8.969100581847025,0.09576007375325554,0.014859569002001381,0.07866876855701854,0.13276461825335606,-0.0020344074096954046
2015-06-02,8.969741966323944,0.07797169230606465,0.07318682851607497,0.03966287229105018,0.07924898351131411,0.08573147373175694
2015-06-03,8.970382309791532,0.28726717830547693,0.05027037520175873,0.08852438468312922,0.04483610479354401,0.18946529867051787
2015-06-04,8.971021607287502,0.02064898820545538,0.03817167374761088,0.04083267763811806,0.0568336648719522,0.04006161929977203
2015-06-05,8.97165985382381,0.1854008214649338,0.014650300543537902,0.10040248471362237,0.05174170214299136,0.06913921081536678
2015-06-06,8.972297044581321,0.10849970387329261,-0.01973993077784552,0.04098303368101158,0.045430662561807,0.1527905405764809
2015-06-07,8.972933174774269,-0.7608247245922037,-0.005826282134401279,0.053427350437069,0.00502267675466379,0.005897066389126238
2015-06-08,8.973568239723555,0.09050236990944846,0.06998738642364084,0.04316161257795684,0.08379396934656116,0.06190903792682256
2015-06-09,8.974202234913387,0.06735679310537128,0.016461534241924796,0.06938542025522443,0.01257717969601848,-0.003107000417905681
2015-06-10,8.974835156164925,0.2994406812382651,0.0025917143573170754,0.05152643073104068,0.001923614104366379,0.08426383658523662
2015-06-11,8.97546699945585,0.02921738326570244,0.0014701689197208039,0.07120758139705068,0.019440348801587237,0.040209609328851315
2015-06-12,8.976097760858023,0.2021894522158969,-0.03412514431724544,0.0393304054765113,0.022350274508101113,0.09045254236939293
2015-06-13,8.976727436811789,0.10568474617387218,0.019962279273587704,0.07800597184400318,-9.676104054364733e-05,0.09336186603257168
2015-06-14,8.97735602413431,-0.7804013907808539,-0.0629984768368725,0.11370874222324255,0.040593918649288435,0.24767781303235914
2015-06-15,8.977983519811335,0.08090896426384207,0.007291794134032637,0.06678979993779413,0.0035471047918927984,0.11013298890143908
2015-06-16,8.978609921028085,0.06320110808722695,0.11663951918162845,0.10237594052305202,-0.017069804003305027,0.041989723605968976
2015-06-17,8.979235225113108,0.31401152585148695,0.017871043269443047,0.04175720550948807,0.04534733663382513,0.12209074063435388
2015-06-18,8.979859429580337,0.031120924305978515,-0.015540712573101188,0.03358643100023267,-0.011875905911369325,0.14218508018819342
2015-06-19,8.980482532091402,0.20380344288583802,-0.06215509746227989,0.08738986797351532,0.043530513929359124,0.13930253855155073
2015-06-20,8.981104530335767,0.10919404764265976,-0.02012255344741996,0.11312424469936024,-0.016996658573416652,0.21747085787787057
2015-06-21,8.981725422097368,-0.7989829425822907,-0.01759248261958403,0.06097625201139492,-0.011677196392717614,0.09631757733444779
2015-06-22,8.98234520505578,0.07646995535826615,-0.04514897303581739,0.0542226461606289,-0.028244488709605754,0.2592904338169717
2015-06-23,8.982963876806961,0.0617104309706385,-0.06697308219838835,0.0987661846988894,0.037998657653969314,0.10924748313420096
2015-06-24,8.98358143503489,0.3246483075471498,-0.04517708028358957,-0.005056306331302467,-0.034650813028244146,0.1813244167311776
2015-06-25,8.984197877754362,0.02679682596276789,-0.04378033844742186,0.1308321963097405,0.5849356168878376,-0.5492502099192169
2015-06-26,8.984813203423828,0.21410145686330673,-0.07343003252770225,-0.5235425976485576,0.03038448358219896,0.6442958586770509
2015-06-27,8.985427410986139,0.10427589629037318,0.043870764633868825,0.0005855485541614146,0.15858214941822527,-0.018061613390827347
2015-06-28,8.98604049962125,-0.807310510195286,0.04794797648870798,-0.011752810393379023,0.07894499754075918,0.29308675932698236
2015-06-29,8.986652468724294,0.07692789879352198,-0.028664923700432485,0.027934927816581558,0.11285191458405108,0.08739143374851999
2015-06-30,8.987263317783887,0.06179550007227186,-0.0028116454198634823,0.07506202942372547,0.012233245061448036,0.13771520992349018
2015-07-01,8.987873046178244,0.32287798063919776,0.0025436316454084513,0.02722534941347598,0.12982824100278745,0.07775409907537068
2015-07-02,8.988481653064666,0.031077707769343682,0.0778711153522555,-0.010608131757486889,1.028407150737148,-0.8189697171834744
2015-07-03,8.98908913748779,0.22476013546691342,0.044915930718097886,-0.8927887216240914,0.041616754361209894,1.1862483946200637
2015-07-04,8.989695498327482,0.08946182061678386,0.03891735110419286,0.08368072769286056,0.05263500992662426,0.019436556988022602
2015-07-05,8.990300734375017,-0.810903089456552,0.03457891449618122,0.00191321466997515,0.028749018281811742,-0.02582764783435998
2015-07-06,8.990904844410242,0.07982477886676259,-0.013733029611271123,0.04358571165641381,-0.08718604705682498,-0.10138684379026763
2015-07-07,8.99150782709441,0.06615321591468486,0.0037863385440985347,0.016064839649792183,-9.067856554057293,-0.009655667145691993
2015-07-08,8.992109680830232,0.31468425626784324,0.06688202495719563,0.04018552947975303,0.06964906087498487,0.026240467589058625
2015-07-09,8.99271040362691,0.043007884076120134,-0.005071818704972507,0.10102477530456021,0.16018706986366224,0.09633338801237912
2015-07-10,8.993309993112304,0.23012528122688175,0.0013622694720214802,0.013325442255606194,0.08468480961346289,0.05631151101112408
2015-07-11,8.993908446546444,0.07401707729690286,-0.0015371250663561232,-0.006181813758490325,0.07421097237031958,0.1555581469871683
2015-07-12,8.994505760982497,-0.8214289273614278,-0.04674951504710691,-0.007543729922020281,0.00518334404420602,0.21376604437859115
2015-07-13,8.995101933176551,0.09013247684893796,0.018751288657265636,0.04560783850278187,0.002734613885993019,0.12555796767820837
2015-07-14,8.995696959410182,0.07540112726393931,-0.050852820225280065,0.031011697254739498,0.14692265512127092,0.08912475724603297
2015-07-15,8.996290835444075,0.31006361320154674,-0.011507184109579354,0.028894365383833547,0.11403714090114944,0.04991261653674428
2015-07-16,8.996883556731717,0.04619227624141514,0.08199094830902004,-0.022792870172976005,0.09462960327667894,0.005409524591033943
2015-07-17,8.997475118611703,0.22353513294807098,0.016795302848761268,0.09709979422328296,0.1027212354364823,0.04477222094730138
2015-07-18,8.99806551644823,0.056584405817171876,-6.601340118685822e-05,0.03822537195661016,0.010934584370629493,0.024271079020355302
2015-07-19,8.9986547457006,-0.8302406192529794,-0.03907985668427591,0.10717882873313692,-0.002838078708853128,0.00941574342413709
2015-07-20,8.99924280190529,0.11175073071004549,-0.011040281423896075,0.03027671823609028,0.11518138533182362,0.06141050894924227
2015-07-21,8.999829680726693,0.09057799461094014,-0.01302072228687087,-0.04327173380175368,-0.0064792188176975955,0.08901229191008397
2015-07-22,9.000415378172859,0.31142375135766776,-0.027609769480156886,0.010852975409059589,0.02093912833429558,0.07234031590704504
2015-07-23,9.000999890646586,0.04131834758234955,-0.04404410853055449,0.014385761955814843,0.08290477445243473,0.027305314021445426
2015-07-24,9.001583214764063,0.2117189028594291,-0.03690547619402341,0.018648292975234675,0.051267331379886164,0.05216663067841765
2015-07-25,9.002165347378613,0.0378124112173549,-0.0402882381459197,-0.005266176921856198,0.09585744280189018,0.05028583792607577
2015-07-26,9.002746285642685,-0.8341034437783027,-0.062391483666919254,0.04196910982262258,0.009695673052973062,0.21242487154266598
2015-07-27,9.003326027022974,0.12801383563022437,0.042613705850933235,-0.04610326427155617,0.061145145389258276,0.04956671712193561
2015-07-28,9.003904569493747,0.10610401226956044,0.043536561575433355,0.06746017283104903,0.004247682004171794,0.008346569297099649
2015-07-29,9.004481911548018,0.3138864031718809,-0.03533747924218421,-0.014374346235082668,0.10092607599308272,0.00771391737356808
2015-07-30,9.005058052066895,0.04254404248362624,-0.0018145182633713675,0.04707879606288763,-0.1000124510691576,0.09989972076968812
2015-07-31,9.005632990288694,0.20721532619327282,-0.01011801363325152,-0.006062582871831602,0.10956132918327462,0.017627758353992107
2015-08-01,9.00620672600568,0.03199810323779344,0.07635888984857309,-0.0325740480626255,0.050956756226961226,0.14817090377565556
2015-08-02,9.006779259610274,-0.8367548675657545,0.04014299221949795,-0.052872275432959415,0.0676234827817558,0.15404854757491293
2015-08-03,9.007350591901137,0.13235062785350887,0.02864210138081299,-0.06399989769242409,-0.05030306054973784,0.2726096932231119
2015-08-04,9.0079207241978,0.11084309575989583,0.04174471397767643,-0.015780229225357698,0.0339891277459015,0.1514310344704093
2015-08-05,9.008489658365097,0.31753992646773516,-0.008995354992851394,-0.01705769983464419,-0.05089185913827002,0.26820113636246745
2015-08-06,9.009057396839639,0.04296583778156825,0.005152656700334601,-0.007705716313894195,0.02131595025478112,0.09937194129879146
2015-08-07,9.00962394251842,0.20344642088946652,0.06797503809553687,-0.057496595820517686,0.0786670864304303,0.03258852574071902
2015-08-08,9.010189298953875,0.03908307035629789,-0.011983712573061127,-0.05912855254526537,0.010536600691175884,-0.026807693537376664
2015-08-09,9.010753470343356,-0.8347702896589299,0.00408156387771811,-0.09319298350241981,0.05824441358249768,-0.008618993717613321
2015-08-10,9.011316461480646,0.12677935781201352,-0.00457388282244299,-0.04782573320298181,-0.05460419125527455,-0.9300120189345229
2015-08-11,9.0118782780587,0.10464502886645809,-0.05555011270401853,-0.06181236701264147,-0.06071308098572639,0.34793444833388065
2015-08-12,9.012438926689335,0.320838229610943,0.009885062308066548,0.0029457860264821174,0.03361312560543192,0.08812572627297577
2015-08-13,9.012998414655073,0.043131688083183795,-0.040768624223220196,-0.030389447110799675,-0.48243762983163374,0.5778094655522459
2015-08-14,9.01355674995023,0.19934979702036415,-0.02357572959598983,-0.05400408077767836,-0.28642985346723066,0.6936136275579425
2015-08-15,9.014113941421178,0.047457723071193156,0.05062096416991456,0.014680024509863972,-0.16945996045138206,0.46598202527384913
2015-08-16,9.014669998303326,-0.829542587134346,0.011456085975314684,-0.02603837386043238,-0.0021399109942723486,0.10725308917976051
2015-08-17,9.015224930286811,0.11833567435151202,0.012285386484625727,0.0180284535157765,-0.0030015464068856978,0.09514479805097764
2015-08-18,9.015778747258617,0.09856020040719707,-0.021701604263739627,-0.01891757096785872,-0.005923703758428121,0.13304361636224726
2015-08-19,9.016331459618426,0.3220892462926629,-0.0005702336403405582,-0.05986697600873078,-0.05355260267803453,0.12618650547975463
2015-08-20,9.016818930091695,0.04120895914068552,-0.005013028422371845,-0.03903807285251648,-0.0640002038741757,0.19846508645657934
2015-08-21,9.017304907542679,0.20084401774343671,-0.00956909652184253,-0.04786320682755999,-0.039377552350929136,0.19231022496961359
2015-08-22,9.017789415910718,0.05984432951488364,-0.02128443979169083,-0.02002486256994686,-0.05743533080923324,0.2279754261045408
2015-08-23,9.018272480859258,-0.8256047950347367,-0.027179040890972662,-0.009989058238325087,0.030026788316916745,0.04778896750928574
2015-08-24,9.018754129524144,0.10835783796092754,-0.03395096321941235,-0.0514786815102589,0.02419317328921729,0.15466686026585563
2015-08-25,9.01923439028647,0.0903845175190133,-0.046292546631893236,-0.07277982196787,0.04542640810687027,0.15233937855082935
2015-08-26,9.019713292528651,0.3175184162457499,0.03797191992862092,-0.016285537421638963,-0.02877984851483302,0.09805997737504057
2015-08-27,9.020190866426928,0.03886260352444068,0.033276901567756374,-0.016934139789592968,0.012997777456623977,0.06330529742413304
2015-08-28,9.020667142776526,0.2077433394860264,-0.04067080929060471,-0.007633385724051304,-0.015722858699279054,0.12627908897778006
2015-08-29,9.021142152829965,0.08138137945798152,-0.011722607151808645,0.004625801751369696,0.09095957010825917,0.06724849651649123
2015-08-30,9.0216159281316,-0.8097389854938811,-0.025751904095262096,-0.019031111904903704,-0.08633007204045849,0.26553662130334565
2015-08-31,9.022088500387571,0.08902738846641259,0.05272566879080033,0.07573971888027423,-0.06383816690592632,0.06640944615638134
2015-09-01,9.022559901340772,0.07262766084490593,0.034285270278892346,0.0477561712459504,0.0893188971807555,0.023035351289404815
2015-09-02,9.023030162663147,0.3069822275193912,0.017086391363554478,0.0804653482944736,0.031840992060321864,0.10005249340690447
2015-09-03,9.023499315863502,0.02863462168910713,0.04879061917301575,0.045911353570539576,0.08456564284297284,0.12077599772295322
2015-09-04,9.02396739217409,0.2072233788556948,-0.0018386971992351148,0.0938197769683015,0.03422593370751759,0.049759661443282255
2015-09-05,9.024434422465303,0.11194924921152791,0.008524859123144594,0.032333040788867,0.07563919081362327,0.059971882476464344
2015-09-06,9.0249004371922,-0.7781362405081897,0.07029106099747909,0.05237714332704168,0.05983234360013297,0.010379142086346604
2015-09-07,9.025365466338307,0.08107342751115014,-0.003963065504794937,0.0445215326985368,0.1171754420386117,-0.006778725994667667
2015-09-08,9.025829539380052,0.04980668621638998,0.011140863864574684,0.06662146318237364,-0.019500315221791076,0.09743013705511139
2015-09-09,9.02629268524254,0.2996965537114071,-0.0020569800920251166,0.06594088431259582,0.0446606366029833,0.041351562086051175
2015-09-10,9.026754932231317,0.00723523054964105,-0.05803937198904687,0.06076014820564686,-0.014029135626436769,0.07589515362304233
2015-09-11,9.02721630800539,0.19396661870139767,-0.005528502835738719,0.03574465907220864,0.030622235683684038,0.06703549285495569
2015-09-12,9.027676839544835,0.1309709655474999,-0.033333693289042815,0.07350594763513564,0.04716605543527443,0.07551470061409482
2015-09-13,9.028136553129043,-0.743453060758816,-0.03364765726040404,0.09699557432061458,0.07899650974539726,0.002711688400825807
2015-09-14,9.028595474325298,0.08373839441306069,0.024788381403203143,0.0635849887764715,0.03345990054325368,0.07465827800436386
2015-09-15,9.029053627994308,0.03134248827762419,0.001418864113108327,0.09971010028927363,-0.02564820783375846,0.03213036393803925
2015-09-16,9.029511038267731,0.28842119465547805,0.01782788157083131,0.045532269163860765,0.055329094930176,0.039161645216353236
2015-09-17,9.029967728550622,-0.0028507681144145022,-0.01304244107809309,0.034268963746138824,-0.001680633311791243,0.1142567902982492
2015-09-18,9.030423721516247,0.19269780163582323,0.007510381574525271,0.0795059482661323,0.008369887498392146,0.0571109403913308
2015-09-19,9.030879039091673,0.13452152401761075,0.004275703040295072,0.11300243627380308,0.0272423086271987,0.050649450989176614
2015-09-20,9.031333702471835,-0.7165988842051985,0.009988678206875955,0.06856040924639811,0.04121016300905003,0.041009459768311274
2015-09-21,9.031787732132448,0.0902161095001777,-0.006908219961200307,0.0545793919360448,0.04097080684510522,0.023029265025195755
2015-09-22,9.032241147843482,0.019534888685328128,-0.017618405533925182,0.09008293591825506,0.0343326396241829,0.09677485152514187
2015-09-23,9.032693968680539,0.27421854848953153,-0.023162098517118795,0.007443044232883073,-0.005735377345059294,0.12768499811675937
2015-09-24,9.03314621301649,-0.011887723417808506,-0.021847795569682683,0.13886047223581865,0.5889436826765387,-0.5339860484023617
2015-09-25,9.033597898532797,0.19473690524757498,0.03339988774099422,-0.6224469674129361,0.07385839883792125,0.6359569096805782
2015-09-26,9.034049042265476,0.13353632384754036,0.020740408619264933,-0.0007256419686375356,0.022439238468898646,0.16655059265850802
2015-09-27,9.034499660618767,-0.6940409809124061,-0.04321315331771202,-0.011071485860977915,0.1490146043401419,0.17342991751757175
2015-09-28,9.034949769345646,0.1005720997246427,-0.02977587830784089,0.02283223043474651,0.07275089138859957,0.06040384394350795
2015-09-29,9.035399383559943,0.015782664246967358,-0.04280674081543652,0.06719056265272437,0.09741512032364716,0.030511891363799393
2015-09-30,9.035848517772438,0.26404599105965393,0.018987742585688167,0.026888722612643665,0.08404414935496542,0.11168719626647494
2015-10-01,9.036297185914972,-0.02288076578926653,0.024293025465394268,-0.019764056457931778,0.9606709626138499,-0.7338573551337539
2015-10-02,9.036745401347668,0.18901690369196888,0.01208305758644794,-1.015859917297835,0.07870768364682311,1.132559807639952
2015-10-03,9.037193176900294,0.12850336102174925,0.05832852448949148,0.08010968901149298,0.10213556225050914,0.10583046417403352
2015-10-04,9.037640524889087,-0.6733221639317065,0.008043127579392191,0.00026554140594853455,0.19918521105325845,0.0705326817209162
2015-10-05,9.038087457108112,0.11392989808049828,0.016613319976119874,0.044982418040032245,0.14323526091966526,0.11365948805575776
2015-10-06,9.038533984844964,0.015721707025960346,0.07424156535582795,0.016530707090759808,0.12068820358835361,0.005399685565681267
2015-10-07,9.03898011889843,0.25867587640851325,0.006636698055821476,0.044128603818551625,0.10747353394102585,0.0019219912888033264
2015-10-08,9.039425869619299,-0.029313693650687096,0.019896358272524804,0.09913526345158002,0.0766348170396612,0.05255808259704331
2015-10-09,9.03987124693088,0.18511261278435215,0.0032485855175057934,0.010355835730264797,0.010472705532013325,-0.6703383592006631
2015-10-10,9.040316260333842,0.11472041357867857,-0.05980063608784286,0.004348935167963839,-0.009887832255396954,0.003310669104118702
2015-10-11,9.040760918932843,-0.663865575992953,-0.019384669523718503,0.004927154773042067,-0.09796337440151233,0.04174137716707804
2015-10-12,9.041205231451544,0.12420157135222087,-0.02903714073359417,0.0373196492974955,0.028676203316284954,0.0936549985806856
2015-10-13,9.041649206233085,0.02201386748550481,-0.04209023592921954,0.02260937322008312,0.11688419034860571,0.04283146215582612
2015-10-14,9.042092851243375,0.25468176170280193,0.007126623077784014,0.026989569177909335,0.02928209255488447,0.08263201304528778
2015-10-15,9.04253617409155,-0.02865115184934475,-0.010647240160450239,-0.029066588259565894,0.05556913399615086,0.1320237916876721
2015-10-16,9.042979182036259,0.18742819647647022,0.020535191234496368,0.08349060556777384,0.10012914883472207,0.04104471163969947
2015-10-17,9.043421881994142,0.09484870439093174,-0.011143903611136471,0.03459341728935694,0.12030693953556393,0.1168410891430618
2015-10-18,9.043864280564303,-0.6633541932664963,0.008615630768296245,0.1104375715256,0.1456424293071556,0.08569738666924032
2015-10-19,9.044306384032017,0.12713581525874415,0.010073191332959516,0.02825898144606879,0.09068162776352591,0.03765408386650826
2015-10-20,9.044748198384994,0.027383457863955324,0.026236281628969016,-0.043986415887774244,0.13528746335197944,0.09145970230602884
2015-10-21,9.04518972933456,0.25343187487774765,-0.0023564732020103785,0.0038195100167076126,0.06957603053006454,0.012733726393975076
2015-10-22,9.045630982322528,-0.01538099003109335,-0.009407380158892892,0.013648873488992741,0.04897659025395597,0.03771829806438198
2015-10-23,9.046071962546034,0.18848374645451213,-0.010356559838038522,0.01905680292532282,0.08683247085176622,0.0553752440622155
2015-10-24,9.046512674964875,0.0748122511900142,0.0036229963182820707,-0.005221574315571397,0.017439881703722522,0.15400389337294307
2015-10-25,9.046953124302188,-0.6631196766262047,0.03194950248402144,0.04435238440360118,0.06934040167041722,0.042692453393035734
2015-10-26,9.047393315043594,0.1263889385107768,0.013603706428459802,-0.05199740931525175,0.05052648157886911,0.07395237558062817
2015-10-27,9.047833251459004,0.03221163007974129,-0.04345437404284125,0.0632072870959293,0.09036880741018154,0.031078793478100053
2015-10-28,9.048272937611316,0.2546978959655005,-0.05206280070765619,-0.0075330207039947545,0.14344523028414913,0.05314169472770125
2015-10-29,9.048712377372047,-0.0009845085591847491,-0.055539155356415196,0.04107960555425378,0.1005336509408475,-0.009800183158349185
2015-10-30,9.04915157443045,0.18036934939511867,-0.009438813848374056,-0.0015747328421432472,0.07212154223018949,-0.0003213810302273856
2015-10-31,9.049590532314959,0.06393675539729278,0.011013439458027727,-0.02252917630519917,0.0014815759877634654,-0.01750265526872674
2015-11-01,9.050029254402487,-0.664241960874407,0.010010672435311861,-0.04604202866351257,-0.18831257960319875,-0.156606961691665
2015-11-02,9.050467743935629,0.12369568974245379,0.0663097856672431,-0.04867588264247051,0.09608731738446513,-1.2691027970896718
2015-11-03,9.050906004047336,0.040022591544193034,0.017949333058474154,-0.005183450671768573,-0.7413868226023921,0.11724597013472504
2015-11-04,9.05134403773749,0.25805857855479225,0.02627016304695693,0.001050007851704107,-0.6635462800423297,0.9345607118775767
2015-11-05,9.051781847853876,0.007196550636336806,0.07762246177891738,0.007194993111191405,-0.039165549158187755,0.19020662690504686
2015-11-06,9.05221943710972,0.17497102362279138,0.017252921950817415,-0.05183295868456584,0.0564442903472596,0.11759266804749657
2015-11-07,9.052656808070262,0.058737223687271196,0.029093017694558417,-0.05645272953423512,0.18838754953700693,0.06680086764496806
2015-11-08,9.053093963157325,-0.6691038699092339,0.008181880725337716,-0.09153804824138946,0.239192912831242,0.1408237618410606
2015-11-09,9.053530904661418,0.1213337556430646,-0.06306128034104487,-0.03787652215058095,0.1343912888806009,0.045534485790110324
2015-11-10,9.053967634742929,0.04877047750766812,-0.029243061495162204,-0.049623384438292346,0.16149153633447627,-0.003891448149291321
2015-11-11,9.054404155451673,0.2596198240496447,-0.02897459353223579,0.01793573110601907,0.13674167774670143,0.04591912542478127
2015-11-12,9.054840468743587,0.015937848355957594,-0.04899940015261418,-0.022744077340488125,0.10625858694613843,0.056586686829341204
2015-11-13,9.05527657647598,0.16934399535512773,-0.002175528246350894,-0.03982857027861344,0.12692859436198406,0.017854877973354277
2015-11-14,9.05571248040877,0.049543654618341704,-0.019401613786547908,0.03057552727247899,0.1328182712392505,0.030600203797916947
2015-11-15,9.056148182215773,-0.6688481367655232,0.0234205151752329,-0.016217149471173135,0.13002246334438228,0.05174118399398431
2015-11-16,9.056583683486444,0.11810620082882684,-0.008953090684029136,0.03396212761546624,0.059574451000119495,0.044442217792976635
2015-11-17,9.057018985724955,0.05439665158917457,0.005934729867397577,-0.010516474512016954,0.10125299700263815,0.0018472007828727044
2015-11-18,9.057454090356291,0.26134506578434125,0.012375396725870298,-0.04461122010904073,0.09991671390818241,0.028675330337117444
2015-11-19,9.05788899873788,0.029069065224656736,0.03712529208528761,-0.030392468914473815,0.1314549736178988,0.017044182082239345
2015-11-20,9.058323712159362,0.16204497908794294,-0.00312588114130128,-0.028898434497338924,0.17597567872774544,0.030265606207981577
2015-11-21,9.058758231845905,0.03932200616805215,-0.0033220996443694348,-0.003970062326815658,0.0812886762049139,0.11160803560444599
2015-11-22,9.059192558955486,-0.667290469007122,0.0009955121584364623,0.0011680819305177354,0.1766496747033709,0.02918695117558201
2015-11-23,9.059626694571097,0.10927778527141695,0.021796553816373063,-0.04578621312583097,0.08627231989368668,0.10065689087126017
2015-11-24,9.060060639710798,0.0643748616351644,0.03514153379898412,-0.06457007078033243,0.10891689569841269,0.06690625404550055
2015-11-25,9.060494395322836,0.26277927492557845,0.01080879485514738,-0.012349009220180764,0.023094667233217687,0.07978819895728506
2015-11-26,9.06092796229012,0.041321273943095316,-0.041997065957445096,-0.0029130039823037322,0.1680395367411218,-0.0163338699065676
2015-11-27,9.06136134143654,0.15782132690140027,-0.07130271975205917,0.0021883885772128464,0.1472710805983913,0.051467362095159785
2015-11-28,9.061794533543734,0.030393975197155122,-0.0637204901927422,0.010601768301424251,0.10971997580570693,0.09418100008043773
2015-11-29,9.06222753934228,-0.6680713185499539,-0.03261430635274721,-0.0200553695190167,0.13957193794921632,-0.004840839220825899
2015-11-30,9.062660359508268,0.09923447561052991,-0.006373639757968688,0.07189670998177769,0.09537918476372939,0.07102891086877783
2015-12-01,9.063092994677708,0.07463254907207505,0.0044205617831919244,0.054972071046172966,0.16133977366404148,0.08813961219258815
2015-12-02,9.06352544543784,0.2667236154461911,0.06869685202960436,0.07119475207273918,0.06391704335438583,-0.006390130155205398
2015-12-03,9.063957712327246,0.05274535476918832,0.027192770931487288,0.05047919813968113,0.1528612429085097,-0.015999590292038235
2015-12-04,9.064389795854435,0.15814889974030513,0.033992495555461716,0.0866523779761271,0.1264449904631318,0.0020735745166220454
2015-12-05,9.064821696504398,0.017304778841367635,0.08029490009821036,0.02354172944187,0.128550481597438,-0.0011560824290715033
2015-12-06,9.065253414736684,-0.680095645809207,0.03079236028146093,0.05128183897088591,-0.1501238065701071,0.22887227233648488
2015-12-07,9.065684950981632,0.09291188478723325,0.03832093590705045,0.04551834810637043,-0.5402173400557948,0.7339229684161896
2015-12-08,9.06611630562774,0.08376712904054077,0.0100269664100806,0.06304006729838102,0.08422511691599457,-0.0279766299125086
2015-12-09,9.066547479038185,0.2754432708125459,-0.06383958294168894,0.07992883795705263,0.17521434180145187,0.04207781474119088
2015-12-10,9.066978471558475,0.067579012466453,-0.03704267749773506,0.049298570922395486,0.16877323154838794,0.06165215859938655
2015-12-11,9.06740928350489,0.1627255001930912,-0.029066376587904893,0.03220740324450975,0.15112972063513663,-0.011374366070132425
2015-12-12,9.06783991516209,0.0015064854214181592,-0.05210626795586163,0.0691829452064912,0.17156200972297975,0.023017734716669125
2015-12-13,9.068270366795117,-0.6992391141064583,-0.005384814039426554,0.07797609982524357,0.1257038813102213,-1.1379855777704506e-05
2015-12-14,9.068700638648014,0.09202061532910057,-0.024708401671974196,0.06034840917128604,0.197257033303948,-0.020013216467107853
2015-12-15,9.069130730948395,0.09307273737017596,0.025509251541518965,0.09628863066436989,0.2728089475809537,0.15564319472798083
2015-12-16,9.069560643906796,0.29044087454748035,-0.00713387609414394,0.048251904024047276,0.23802351925138882,0.029664521317629422
2015-12-17,9.069990377698536,0.06881702120827245,0.002200417474445465,0.03503675003232017,0.16750500224685264,0.06722024904316726
2015-12-18,9.07041993247167,0.1655281963853688,0.013878405786211676,0.07128209349440398,0.19661877070577155,0.05742857184425176
2015-12-19,9.070849308346132,-0.01078968841343953,0.04422847606451358,0.11287080519260424,0.2839353587233756,9.152587055183403e-05
2015-12-20,9.07127850541695,-0.7147442801014862,-0.0031279007998852235,0.0762177673005321,0.3539854833501322,0.06907866271924945
2015-12-21,9.07170752376242,0.09211292552282767,0.0009180360908849286,0.0553446264889121,0.3219253159610914,0.04449277895475845
2015-12-22,9.072136363436643,0.1006339477846082,0.010349299322203617,0.0813614480502381,0.378445327918539,-0.03736850045604179
2015-12-23,9.07256502447485,0.30663552373833214,0.03133685376468494,0.021204489162380415,0.3463397282075369,-0.0796816133262972
2015-12-24,9.0729935069109,0.06378080990409488,0.040740972122003845,0.1466982271431162,1.0162520841839493,-0.8643937929544645
2015-12-25,9.07342181078421,0.16739030490769707,0.0074514395528734595,-0.7219982145908656,-8.52514218468875,-0.0011231559651623257
2015-12-26,9.07384993612842,-0.016019507571412992,-0.04076628951458944,-0.002072483274994535,-0.025018869575246117,-0.0010470859042328584
2015-12-27,9.074277882968317,-0.7284491737211888,-0.08605882168714887,-0.009678416915237267,-0.561441061941286,0.3770854625140654
2015-12-28,9.074705651320203,0.09617709488962067,-0.06590768621600168,0.017388423786673046,0.022786435147959333,-0.0268125614613286
2015-12-29,9.075133241192866,0.10478677988299098,-0.052149834541576796,0.059080653717101875,0.04356918269136555,-0.030715612810951143
2015-12-30,9.075560652593202,0.3164054518089849,-0.020660018919606105,0.026823634723525242,0.1239415435414411,0.049822592713143266
2015-12-31,9.075987885524718,0.057633117750356205,-0.004867925161894077,-0.02885796425476543,0.9076459590497702,-0.7400289982914607
2016-01-01,9.076414939976653,0.1687429380250031,0.06412034640291889,-1.1398519895899066,-8.218230260477416,0.04880402566274711
2016-01-02,9.076841815927223,-0.009981297657245286,0.03460655221348679,0.07578427722925124,-0.055993210734738966,-0.029906840131502577
2016-01-03,9.0772685133413,-0.7440996498624152,0.03691059315628136,-0.001303642791698101,0.1726811053440049,-0.0004931010548574477
2016-01-04,9.077695032180387,0.10793874421062774,0.08076437283098604,0.04686704704633229,0.19363691584022882,0.08326680970884404
2016-01-05,9.078121372398057,0.10539780033018337,0.0467212464975663,0.017219308335302837,0.08813254867272019,0.06214898087958254
2016-01-06,9.078547533926859,0.31834226842881497,0.04718168634836457,0.048715880084564095,0.1146946149960441,0.06845569885845393
2016-01-07,9.078973516678621,0.045380638221451206,0.010578080825142208,0.09693729800594653,-0.01014773021597794,0.04287538228379084
2016-01-08,9.079399320545663,0.16990701785146978,-0.05601064887549942,0.007701163063999749,0.23776955763121382,-0.020832115807408513
2016-01-09,9.079824945407339,0.007819738777459291,-0.04239626616430193,0.014919461845490348,0.30245589549299773,-0.019140624108667126
2016-01-10,9.08025039114132,-0.7557990026821083,-0.02460950602389623,0.017844688990674734,0.20750461183803415,-0.021596027494213743
2016-01-11,9.080675657626125,0.1162031515841814,-0.051429557935805684,0.028928941074834957,0.05112751143760626,0.06342678404762658
2016-01-12,9.08110074473802,0.10069469599109221,-0.00420721792105995,0.014250907205806403,0.16460511158346633,0.006115383344367231
2016-01-13,9.08152565234053,0.3195397536841626,-0.02851996975407706,0.02453516641130957,0.03812369217424469,0.015750676966820976
2016-01-14,9.081950380289646,0.03091653789141103,0.025942863817599325,-0.03505398181622026,0.2868038280151975,-0.024567446510781465
2016-01-15,9.082374928436254,0.17017483306809936,-0.007867341027785982,0.0683904124200821,-0.07653274816138014,0.06384517734028528
2016-01-16,9.082799296628917,0.035723912569310096,-0.0012179477475593725,0.02955626671206982,0.2638023205961607,-0.023768764652638552
2016-01-17,9.083223484705451,-0.7647295209776995,0.015713317437699027,0.1128603992391878,0.1500391968557549,-0.01738818929421093
2016-01-18,9.083647492502841,0.11658083817578446,0.04913363176943663,0.02618208289398533,0.06777792620982578,0.01612713409047828
2016-01-19,9.084071319858174,0.09050215566893662,-0.0026809366671123255,-0.04448923436354733,0.0279033964396774,0.07214434691151261
2016-01-20,9.084494966601383,0.31857289322335947,0.0037479657807671235,-0.003155378817162586,0.07906946496504509,0.038030919936710816
2016-01-21,9.08491843254728,0.016753519247651436,0.015914209057883925,0.012876062168602554,-0.08274680482511129,0.04104855967818999
2016-01-22,9.085341717498615,0.16921101491734353,0.03621997618949336,0.02003873239706446,0.05707028892312108,0.035382709721309524
2016-01-23,9.085764821247395,0.06912478080503176,0.04307065993673677,-0.0050333573214250155,0.017927813213358956,0.06370512387243465
2016-01-24,9.086187743574746,-0.7627018802773929,0.0026764637402314634,0.04653558636085682,0.06596441113778795,0.030366146659725146
2016-01-25,9.08661048424889,0.11178274923229667,-0.04090993476732553,-0.057778418869738175,0.19841369615963902,0.0012460791314286013
2016-01-26,9.087033043029926,0.07552190107271195,-0.09467848714186024,0.05861153791009979,0.05631038327612613,0.029231665030458487
2016-01-27,9.087455419674512,0.31116630562778475,-0.062205807537389746,-0.0007825559742911381,0.16733626599248486,-0.03599414085063657
2016-01-28,9.087877613935257,0.004195465395438268,-0.06736710151021841,0.035176561153624886,0.0725074576974575,0.014228374057271509
2016-01-29,9.088299625567416,0.16962883107615706,-0.03004381058538296,0.003441288925735672,0.022138543026052816,0.07327610729768175
2016-01-30,9.088721454322023,0.10152495202832999,-0.010482936838783007,-0.011874363786114447,0.12341847787788404,0.049333066564784644
2016-01-31,9.08914309993687,-0.7536936069999032,0.05210695201283796,-0.038653277952858105,0.12358964513095838,0.06864207586549043
2016-02-01,9.089564562137419,0.10315840958436576,0.036788881280733134,-0.03230283975694298,0.12773990376806238,0.04147854453770883
2016-02-02,9.08998584063624,0.05907651086063876,0.0356800624751798,0.006510972545071961,0.015667802517660843,0.06703161914465383
2016-02-03,9.0904069351354,0.3041519543256213,0.07823270072971172,0.020208951646591086,0.02128295764235037,0.0830352830929737
2016-02-04,9.090827845323824,-0.0031522232268597836,0.06254292025930547,0.022653374386517804,-0.017975484808760434,0.07736363848641581
2016-02-05,9.091248570875178,0.1728120074706984,0.05602624851747103,-0.04548114111407882,-0.004536296410634438,0.05518341092915868
2016-02-06,9.091669111448956,0.12692837281934977,0.013914519030834523,-0.05346282466835248,-0.006212038797604355,0.06178971349275564
2016-02-07,9.092089466693583,-0.7454655134757291,-0.04057111847528789,-0.08981221767196106,-0.2302744748484864,-0.021349820156636667
2016-02-08,9.092509636249149,0.09375542758436263,-0.04429952801785234,-0.027153537708487604,-1.051181930971683,-0.032958256284238985
2016-02-09,9.0929296197592,0.04735623960958237,-0.020365038190531707,-0.03712530177417466,-0.6915866708398529,-0.049237992909761275
2016-02-10,9.093349416875494,0.30179164644821543,-0.05132782111954476,0.0333499774086557,0.13984079583522357,-0.009995392931660518
2016-02-11,9.093769027258999,-0.007027382861459874,-0.0025548673548460646,-0.014646279062293602,0.21315195021752084,0.005898966208528478
2016-02-12,9.0941884505745,0.1781815155093848,-0.032221691504372624,-0.02498306811921852,0.22171066786976398,0.0013036473626186762
2016-02-13,9.094607686487244,0.1405121179119845,0.02365228951234498,0.046962086358802654,-0.06687138823492564,0.08450353192862892
2016-02-14,9.095026734660266,-0.7378926595017856,-0.01252489710482264,-0.005781686469066436,0.10577495654276917,0.008306909075839641
2016-02-15,9.09544559474672,0.08338076131058056,-0.0054111485550899785,0.050214570066241505,0.061322784661634315,0.01921853387719885
2016-02-16,9.095864266396433,0.0412538673855369,0.016589354594011063,-0.0015249886535647263,0.23338666501619348,0.005206235655366598
2016-02-17,9.096282749257416,0.29982452429364403,0.05144711916298373,-0.028721294583705665,0.09825083521524604,0.018965459096891735
2016-02-18,9.096701042976985,-0.011822026353653349,-0.0022084737185740985,-0.021184985558101617,0.017015780513832124,0.08725810865823824
2016-02-19,9.09711914719832,0.18382509540227016,0.005644719289932432,-0.009250388998287768,0.05572441440734235,0.08013512317931415
2016-02-20,9.097537061552204,0.1428803980664381,0.01800624624020388,0.012207298044649928,0.083380839854856,0.05540952441376845
2016-02-21,9.097954785656658,-0.7281454166464705,0.03818474818553821,0.012604053270304989,0.07896048936943807,0.08748423550860629
2016-02-22,9.098372319119374,0.07461743328688514,0.0418858039007394,-0.039659967948691005,0.019027985256060698,0.10434052403112304
2016-02-23,9.0987896615347,0.04393243264309067,-0.002723617583509856,-0.05565207231048204,0.04503606026613509,0.10196578850435678
2016-02-24,9.099206812481636,0.2930142039752514,-0.04130149142542448,-0.007892733155014382,0.0014082158231005378,0.12408326274471726
2016-02-25,9.099623771523614,-0.0163650554481828,-0.09746129224537367,0.01120359278514915,0.014672449528174982,0.09065989128407104
2016-02-26,9.100040538207612,0.19112496784755928,-0.05563393243248094,0.012357343911634667,-0.008182635992672046,0.09182996240094354
2016-02-27,9.100457112066847,0.13299023851494784,-0.0761920955977976,0.017017410407696637,0.05146680662206868,0.09402393241288642
2016-02-28,9.100873492621627,-0.7144705065887068,-0.03459355780434002,-0.02113991510842526,0.006426178312593053,0.05053263029545718
2016-02-29,9.101289679380269,0.0669457219935723,-0.009421597593833458,0.06728487676933328,-0.004499497062899344,0.07170675889676303
2016-03-01,9.101705671843504,0.054834876595070595,0.03751145632186781,0.06149992401370231,0.08829334684144878,0.0013340712267186916
2016-03-02,9.10212146950565,0.2850536440854361,0.03603708281156186,0.060667061579700594,-0.009538591616582272,0.08868014111251554
2016-03-03,9.102537071859905,-0.01428604474427806,0.03292492140331289,0.054478324159419826,0.007632374757580097,0.017877652871058913
2016-03-04,9.10295247839262,0.1996085317117158,0.07298345398536848,0.0787123355915451,-0.06643938626369487,0.08684884240755153
2016-03-05,9.103367688586673,0.11020878820287144,0.07236835984917758,0.014336140518467154,0.10596349925216171,0.004307303754547576
2016-03-06,9.103782701918282,-0.6995150749994956,0.06394013268308277,0.05009907395947602,0.03108434519387605,0.03132220109879924
2016-03-07,9.104197517863886,0.05757525213508977,0.01812932786861661,0.04605988002440269,0.04383184292697002,-0.02030321903877841
2016-03-08,9.104612135900753,0.06448782504761397,-0.022984479845512426,0.058674025804419314,-0.02523419306972955,0.023421211449550228
2016-03-09,9.105026555511229,0.2811931216201517,-0.04279124190979823,0.09341622282724159,0.056774958096216924,-0.013081052884089672
2016-03-10,9.105440776180103,-0.0019647241419337574,-0.018421160005885527,0.03678957448089754,0.045346316598792,-0.01033979938372731
2016-03-11,9.105854797397463,0.20679310000846235,-0.05377237103963523,0.028555497415611638,0.08095696027371728,0.00475918098164918
2016-03-12,9.106268618659085,0.08639661958727723,-0.0010634714277968568,0.06487397983676875,0.10182618207108722,-0.03250531486907171
2016-03-13,9.106682239465519,-0.6896572315035753,-0.03511906638998939,0.05673294679259839,0.007662147867210317,0.04583728688492705
2016-03-14,9.107095659323722,0.04624040347115212,0.019819280908863535,0.056970937904422314,0.03834384394249455,-0.021994275637807092
2016-03-15,9.10750887774065,0.06560494962980402,-0.018232048886301342,0.09184395113594017,-0.07216233775845063,0.07685730964743165
2016-03-16,9.107921894226227,0.27919625441922336,-0.009142679920024346,0.04963389848495745,0.11358777406251695,-0.030631148615036352
2016-03-17,9.108334708287067,0.013611758217053876,0.01584417221050021,0.03569708036042446,0.05198049798286851,-0.027477792713726856
2016-03-18,9.108747319435961,0.21219313781281193,0.05287192558216785,0.062300686596074385,-0.17915352471501186,0.07665118267255977
2016-03-19,9.109159727191685,0.07055820777741006,-0.001143109722766593,0.11261472384775563,0.07106005719641093,-0.027637253032821718
2016-03-20,9.109571931069596,-0.6833207281579247,0.007351248445213773,0.0837874146144058,0.008600501103505024,0.04103834631491665
2016-03-21,9.10998393058889,0.03573376175450832,0.019552472159320704,0.05634761544885892,0.006676548132044756,0.008334358283121901
2016-03-22,9.110395725268148,0.05942913281297748,0.03797991715486816,0.07239022189271474,-0.1526152164069234,0.07826349445568681
2016-03-23,9.110807314625296,0.2765008869677456,0.03956872479467882,0.035734842032477405,-0.05673007339502943,0.039303737780899795
2016-03-24,9.111218698171783,0.029593799704247484,-0.00649681209240394,0.15448285448245608,0.09377406045270897,0.047019197911591704
2016-03-25,9.111629875414785,0.2180645470720859,-0.0384087360728928,-0.8221973597097612,-0.23738117245119558,0.09041158680336636
2016-03-26,9.112040845856177,0.061967987947946876,-0.09449516950147707,-0.0034746927801607807,-0.0715539644218593,-0.07065507660912118
2016-03-27,9.112451608992535,-0.6775124144907163,-0.047267650003396194,-0.008053648070359938,-0.0599115419994315,0.047265859090998674
2016-03-28,9.112862164328694,0.028112808818077602,-0.07720116180292087,0.011310773983782914,0.09986548254821247,0.044473030971218463
2016-03-29,9.113272511368656,0.046282333613420344,-0.037419111293075145,0.05068116093329551,0.1295041318210476,0.00608753670668527
2016-03-30,9.113682649613693,0.27806726353585604,-0.00919627520601829,0.02689002041686869,-0.04859997795528077,0.048072840455784416
2016-03-31,9.114092578565783,0.042739011153223795,0.022058902311131348,-0.03802706061492205,-0.020880385343833786,0.10014655467281308
2016-04-01,9.114502297722508,0.22252479990273838,0.03309050423016725,-1.2647783133420685,1.3972909940807332,0.006303911563902531
2016-04-02,9.114911806573568,0.05852640335064266,0.028782275105929574,0.07058212207599174,0.0937502788816351,0.03193793664198452
2016-04-03,9.115321104608489,-0.6695922220171449,0.0646609170069767,-0.0026923617748476287,0.1656585824718558,-0.025895557005178205
2016-04-04,9.115730191318047,0.02484978380171035,0.07292964167748295,0.04945463401086258,0.07010121454305802,0.004576674706838091
2016-04-05,9.116139066199183,0.030965294516601752,0.06869658931668252,0.018418002292435964,-0.02099132327944144,0.049418149959430835
2016-04-06,9.116547728751792,0.28151729606854253,0.021774635204346894,0.054186216830615315,-0.04726680406359396,0.062516202958113
2016-04-07,9.116956178472478,0.04852131334578151,-0.006217031575764847,0.09442806408400901,-0.0951687108795408,0.06815157852878073
2016-04-08,9.117364414851718,0.22400017987583806,-0.03859097564605726,0.005353582918137769,-0.004444967163863995,0.034554482667390474
2016-04-09,9.117772437373963,0.0580751102724318,-0.01596663828412468,0.02556541025287281,0.051895636342009215,0.045384749860794216
2016-04-10,9.118180245520918,-0.6635595958188002,-0.057969476487729016,0.031119305804272447,-0.020631076487320214,0.11952103356577481
2016-04-11,9.118587838769605,0.02698713298582449,0.0028280786039703264,0.02043109195288441,0.010334815667825483,0.0643824707650058
2016-04-12,9.1189952165867,0.017835704328659274,-0.03416928164460864,0.005740392857878488,-0.02299886337600241,0.10235319346685756
2016-04-13,9.119402378430678,0.2842161627202341,0.015449733711558927,0.021578201403823584,-0.029424308422757527,0.04047017305794398
2016-04-14,9.119809323751106,0.048592750052883577,-0.02302611440264262,-0.040588163325293726,-0.06799540622190575,0.11517791688185319
2016-04-15,9.120216051992232,0.22251307313617907,-0.011102899898139573,0.05190358672695576,-0.13509005517200806,0.12112795835736279
2016-04-16,9.12062256258752,0.06528506869293793,0.01229320437261314,0.023142487046966316,0.010633692222115056,0.029847224231431824
2016-04-17,9.121028854960088,-0.6638131053805078,0.053563028255868284,0.11469597527025291,0.3484176865945253,-0.01939212121575018
2016-04-18,9.121434928532196,0.03640527322584937,-0.001066464940959671,0.024008280818912136,0.7570017990486724,0.051418021982335915
2016-04-19,9.121840782731471,0.01043986107928703,0.008056627734247566,-0.04482638438449969,0.8402510874771538,0.0075636004770736065
2016-04-20,9.122246416985018,0.2825300229170954,0.020953344280023357,-0.009813649532136691,0.2818968633451357,0.13181593591147944
2016-04-21,9.122651830719759,0.03937003549169295,0.03728584271614707,0.012333364888687196,0.2058263082477788,0.1032050291975466
2016-04-22,9.123057023352382,0.2218952254715925,0.036049793238837495,0.021738250219253276,0.11880882252980007,0.10019489723479325
2016-04-23,9.12346199428876,0.07743744727906611,-0.006529210322254987,-0.004655739209562324,0.04920101803673535,0.1286369650742003
2016-04-24,9.12386674292415,-0.6647104157205026,-0.0319001414444529,0.04851517036486895,0.10550287311648432,0.07084960039933641
2016-04-25,9.124271268642696,0.04922579957957367,-0.0863841478046994,-0.06339643820516971,0.05804612341548099,0.1123056913114091
2016-04-26,9.124675570820486,0.007847005090735881,-0.037797114314252214,0.053849482609923616,0.010452401924704677,0.09170171049967735
2016-04-27,9.125079648823862,0.2806388662267022,-0.07181950590848812,0.005894803116286953,0.05441814619655089,0.038706124858229884
2016-04-28,9.125483502011551,0.024792117710405362,-0.040174137487274025,0.02965690246074014,0.12063116029859153,0.018674513708822005
2016-04-29,9.125887129741121,0.22113553518955864,-0.01638298706427397,0.00899685245272399,-0.04917766434757184,0.11001472210210572
2016-04-30,9.126290531370085,0.08660419965541857,0.006042174120810942,-0.00045634453732114767,0.15685620195615282,0.008295773657934546
2016-05-01,9.126693706250293,-0.6619650293795842,0.029341248148306708,-0.03051014892622987,0.10247263123014044,0.09081245951972683
2016-05-02,9.12709665373351,0.05675207812078838,0.022678893554336183,-0.014863599288081229,0.12602491364377064,0.02984320496369719
2016-05-03,9.127499373167106,0.008147273020126689,0.05503083341578548,0.01908788636977059,-0.04211042884560904,0.10440668808651665
2016-05-04,9.127901863895826,0.2785681597805618,0.06731484197511044,0.040330213390678646,-0.07573153978396373,0.12868222538414464
2016-05-05,9.128304125256527,0.012985947854942018,0.06859032187202754,0.038504700820272825,-0.04523857800067711,0.09940560242854524
2016-05-06,9.128706156574925,0.21374822294707382,0.026460015143499625,-0.03855031357302674,0.046767256358980235,0.10408542933705967
2016-05-07,9.129107957167555,0.09356274285755499,0.008474433158045781,-0.0498579968326128,0.17395066357949585,0.10604897705923833
2016-05-08,9.129509526341527,-0.6629435568508174,-0.033591294993876364,-0.08814574470726104,-0.07544426165270286,0.08299684980461208
2016-05-09,9.129910863395246,0.06559632835075596,-0.011702824917236569,-0.015410985546177588,0.1635376341526284,0.03968065272787591
2016-05-10,9.130311967621234,0.014217377630662859,-0.062471672875885065,-0.02409973165356183,-0.051613433412843246,0.1290049335885577
2016-05-11,9.130712838309172,0.27618422663941533,0.008871154402141444,0.04919553084700813,-0.06206016403916087,0.07243803185260944
2016-05-12,9.131113474740337,0.001057350490863071,-0.026617984868917078,-0.005991605776252817,-0.0196583531754082,0.07159736922437432
2016-05-13,9.131513876190079,0.20481669109742323,0.013804427131038653,-0.009229145943433372,-0.12904518611990984,0.13502875660571867
2016-05-14,9.131914041927988,0.09985745429482498,-0.026211695064139243,0.0638567899178781,-0.017632949244537392,0.06842156610285599
2016-05-15,9.132313971214087,-0.6699628653712104,-0.011370630772839764,0.005172727636832936,0.07416591166057192,0.06145395212453231
2016-05-16,9.132713663303523,0.07787582127202612,0.006859565365339146,0.06683339524389971,0.06143411199337267,0.07179374473397182
2016-05-17,9.133113117447753,0.023718224375085625,0.05332239988928841,0.008071055861032399,0.017162624933564692,0.059831637226588796
2016-05-18,9.133512332894181,0.27753174847187156,-0.0024986236002251735,-0.012197759638226823,-0.02644823705726397,0.0844679953230969
2016-05-19,9.133911308886708,-0.01019535104305546,0.006755065501995438,-0.011426262616236405,-0.005512425937812215,0.03079194497632365
2016-05-20,9.134310044664831,0.19982403536035706,0.02091685797724445,0.010910201835515308,-0.030699596316966057,0.06510712026431342
2016-05-21,9.13470853946803,0.10383803868247204,0.03656849997679124,0.02839772761591377,-0.0059503903105006545,0.04571430966710466
2016-05-22,9.135106792533698,-0.6814627084236435,0.030271479897077628,0.0241179218814917,-0.10613227751339022,0.09920955122845854
2016-05-23,9.135504803096918,0.08523495248572394,-0.003561910159688852,-0.03328992297444021,0.07676123841384633,-0.044885620881103705
2016-05-24,9.135902570390341,0.02838080659934094,-0.024042157795083053,-0.04624644417045957,0.01961239854829102,0.009297840637884747
2016-05-25,9.136300093655596,0.28400567593470427,-0.07159417063630229,-0.0029065664052686617,0.056755100989715826,0.005164695492114291
2016-05-26,9.136697372141478,-0.018701907770810183,-0.028243309834456484,0.025387191527247985,0.057575075692476343,0.09222284171679362
2016-05-27,9.137094405100605,0.19981413433775203,-0.0644336696012916,0.022814587742702296,-0.5809328621475894,-0.06010633390300235
2016-05-28,9.137491191784658,0.10812586714727855,-0.04226701344083201,0.023686817119113416,-0.21207161438776342,0.01756063461397339
2016-05-29,9.137887731455788,-0.6903197163422317,-0.03143482201672244,-0.02235514972912277,-0.022716202856885484,0.024661778766065012
2016-05-30,9.138284023382006,0.08668423583524978,-0.009720273594611258,0.06200424095473183,0.02038283598570428,0.006263045493597019
2016-05-31,9.13868006683475,0.028061108968930444,0.0259320140523853,0.0673237038389639,0.12537456346945056,0.029330626530242654
2016-06-01,9.139075861090012,0.28994151525000444,0.01586696590802119,0.04897930287563794,0.13164871141552584,-0.04641353110057267
2016-06-02,9.139471405428525,-0.029297560449507813,0.04605575046357997,0.05792585478038405,0.0037491272616425233,-0.037336123457524906
2016-06-03,9.139866699142699,0.2046535317006725,0.0628654714454884,0.06998908798558193,0.022929397244709722,0.0034629728849324692
2016-06-04,9.140261741537003,0.11230078242380072,0.06766660729104902,0.004655978155960181,0.02265701012943317,-0.0003300649219912799
2016-06-05,9.140656531923073,-0.6948584736961476,0.033609261003785806,0.048714838086031435,0.0015171788199648956,-0.02647326640401282
2016-06-06,9.141051069619651,0.08687091783780973,0.018597044955911565,0.04621975536883072,-0.01028314321292962,0.032378787800762865
2016-06-07,9.141445353953802,0.02870380584541143,-0.033653397020461856,0.053754106711376023,0.08032158480243186,-0.032193533681951436
2016-06-08,9.141839384257038,0.2944970999943351,-0.016257172092166306,0.1063863759055621,-0.05079689065871001,0.037554082814899914
2016-06-09,9.142233159868884,-0.04216046252623193,-0.06906368295953666,0.023237956825816333,-0.0358388089832596,-0.016075469000846
2016-06-10,9.142626680132206,0.21024032730250172,0.01038382365341929,0.024749656651163018,0.004165949236814398,0.007872793297275749
2016-06-11,9.14301994439651,0.11505436793069924,-0.014774264946417492,0.06051860469932843,-0.007546980550484099,-0.00992812443194424
2016-06-12,9.143412952017341,-0.7012789392855074,0.0208454119143744,0.033596311116919464,0.016568202055271257,-0.023130182962647794
2016-06-13,9.143805702358089,0.09122874813418122,-0.028792933094495224,0.0535026892302698,0.02331603212134058,-0.018465326206175803
2016-06-14,9.144198194791239,0.033447340229562236,-0.012609925364550858,0.08622034373359591,-0.038332703935483936,-0.05755778279122481
2016-06-15,9.144590428699793,0.2989949826843234,0.0019734520159873413,0.04958487735599624,-0.005359405042994492,3.795370555792488e-05
2016-06-16,9.14498240347899,-0.05315744888431154,0.05196966293057545,0.03613989519222342,0.03335558108286609,-0.01970419745839358
2016-06-17,9.14537411853206,0.21375336120574365,-0.003333671962331553,0.05235150130148367,-0.018648769861762962,-0.02637542620669109
2016-06-18,9.14576557327112,0.1152305759321178,0.0049809406149054405,0.11220263398034716,-0.008117750591155846,-0.023921496581058577
2016-06-19,9.146156767117736,-0.7082469903524008,0.016099108184389817,0.09116715676483866,-0.04402449813202933,-0.03178691797965705
2016-06-20,9.14654769950357,0.09674047846842716,0.029570868225744104,0.05742723181740218,-0.012544450371919721,-0.02985650911094062
2016-06-21,9.146938369870824,0.03644076397308365,0.02627593996484949,0.0632172444656347,-0.06598595859414623,-0.034938332049542
2016-06-22,9.147328777672227,0.3024060682333199,0.0006155058885880331,0.050763267460163956,-0.005262481650175659,-0.018748109819480163
2016-06-23,9.14771892237109,-0.05805267713594666,-0.01805322051599334,0.16241818997160226,-0.06734012764778331,-0.02505352148382123
2016-06-24,9.14810880344001,0.21665517796121458,-0.04346616724118799,-0.9229167936588483,0.862079307058932,0.01663351708014993
2016-06-25,9.148498420359434,0.11404061807153014,-0.021553640182882135,-0.004760824322363268,0.021354053442427252,0.035203019571639516
2016-06-26,9.148887772612854,-0.7121322965896536,-0.05761256328819232,-0.006429372687038561,0.18876575412968735,-0.0031913774355913915
2016-06-27,9.1492768596849,0.09823475391272561,-0.0383024101644488,0.004662432441996085,0.09121809468462495,-0.028594457367455917
2016-06-28,9.14966568106521,0.03419744816852831,-0.04728465166532071,0.04215643539545274,0.12759836332957544,-0.014040636399570872
2016-06-29,9.150054236252616,0.30366492801017386,-0.022754455791697076,0.026970952078340747,-0.05008808705566951,-0.03476763486197321
2016-06-30,9.150442524753961,-0.0523966238618824,0.0168034953747536,-0.04723741282689958,0.11392815301448943,-0.06576553142657815
2016-07-01,9.150830546087374,0.21497269461505952,0.006891354158278521,-1.390581923128006,1.5225640108000535,-0.007345777162818479
2016-07-02,9.151218299783821,0.11401499210284191,0.03380820216082094,0.06451605996189522,-0.017309712646252147,-0.02347114640250325
2016-07-03,9.151605785382603,-0.7156840939664968,0.05950186084611155,-0.0037445680948860784,0.07027225911587018,-0.007264598607026329
2016-07-04,9.151993002430606,0.09926754692567097,0.06939466763540864,0.05275502937053691,-0.01032047147291911,0.013105147211454948
2016-07-05,9.15237995048079,0.031119963409966284,0.04281232566478153,0.020222603288145357,-0.0932157624273913,0.07013118020475417
2016-07-06,9.15276662908771,0.3019327719230685,0.029926583259989998,0.060632175409688224,-0.050941953019298075,0.011932112376850768
2016-07-07,9.153153037802197,-0.041207666457697495,-0.033852701319966545,0.09165800908378482,0.03720923947835137,-0.03925005049840102
2016-07-08,9.1535391761796,0.2079948641230423,-0.02255975921631183,0.0032803560876070535,0.16018212829338038,-0.08858469238274225
2016-07-09,9.153925043786092,0.1142198170650163,-0.07489206202224012,0.03625820648386698,0.06128448151200881,-0.07225780478738919
2016-07-10,9.154310640204695,-0.7212572105065499,0.01178378809179918,0.04467064025502442,0.03850130661220941,-0.12599969005547962
2016-07-11,9.154695965035469,0.10590963601980288,-0.005396677868507451,0.011777038241094917,0.0014150778256049046,-0.05955748700320562
2016-07-12,9.155081017897825,0.031229202234116387,0.02739623026760948,-0.0031841669040690024,-0.03443238444646171,-0.06151786181410834
2016-07-13,9.155465798426471,0.2978015025634209,-0.029927369720517367,0.018108406463545126,0.13758954253264039,-0.09496107581970747
2016-07-14,9.155850306270702,-0.02887190705648998,-0.014156359330843776,-0.04557431495309262,0.12105179631623056,-0.06018805326384857
2016-07-15,9.156234541097174,0.19829599550052196,-0.0019187777540373811,0.034189333048725595,0.047751472840237466,-0.03553437982751362
2016-07-16,9.156618502586117,0.11337776785642464,0.052312963415390296,0.015443903134687714,0.0855224841235403,-0.06329529880239271
2016-07-17,9.157002190429111,-0.7272525374020268,-0.005189334120028559,0.11606095832637724,-0.014582249443700592,-0.04628979289408797
2016-07-18,9.157385604330912,0.11417696499226535,0.004512823999112381,0.02165570176845045,-0.01829786480045229,-0.00021719369561346014
2016-07-19,9.157768744006752,0.03221439213505023,0.011071936054095299,-0.04511389476779772,0.11832041275120375,-0.07101935044463126
2016-07-20,9.158151609178972,0.2927662208664454,0.02174367545676183,-0.01608337609340095,-0.0040807912507757355,-0.046972739273698494
2016-07-21,9.158534199582633,-0.014529266769802845,0.024065697221994278,0.012125406076152253,0.03664262085450294,-0.04333209695504969
2016-07-22,9.158916514964558,0.19000736911359067,0.0037549443939084077,0.024153406501534993,0.01827915189811115,-0.04564823308779076
2016-07-23,9.159298555082723,0.11103590926962746,-0.010801860514607825,-0.004148367559466715,0.01850399121653653,-0.061768737088804926
2016-07-24,9.159680319706611,-0.7352157944664562,-0.010363319127360741,0.05019990599333998,0.05932448127019687,-0.06532629649939992
2016-07-25,9.160061808618966,0.1207571726576609,-0.01169717882365111,-0.0689303277924847,0.01164179694056595,-0.0594126246003821
2016-07-26,9.160443021616445,0.03074223806831039,-0.049418636350717124,0.04903142969798795,0.030505151182097845,-0.05642620422217348
2016-07-27,9.160823958508606,0.28927994444128524,-0.03276578947037657,0.012530183079767956,0.024652938404801164,0.0008445645638666122
2016-07-28,9.16120461911639,0.00044494926058556705,-0.06018744584117988,0.024688190014157403,0.06136712783590058,-0.023875461857699065
2016-07-29,9.161585003265932,0.1863032568657322,-0.03263455986479856,0.015033770846379184,-0.09288585298640865,-0.05144390198758586
2016-07-30,9.161965110790733,0.10919911061199561,0.008115284270659006,0.01177292814988063,0.09483275437171695,-0.029896925724361978
2016-07-31,9.162344941534771,-0.7452192170382782,-0.0006603168528865819,-0.021497636312220247,0.01912175958149793,-0.044701229836810796
2016-08-01,9.162724495351096,0.1254109020851753,0.01919391558200114,0.003577315012057685,0.1342323665865861,-0.0404062949474806
2016-08-02,9.16310377210311,0.030525038147525888,0.05528673412964727,0.0323140110018689,-0.09956216481078978,-0.023145714139642948
2016-08-03,9.163482771663386,0.28782356524411745,0.0703389667779267,0.06120612156599299,0.03957816652776673,-0.08090400631869343
2016-08-04,9.163861493913542,0.010645280911245107,0.05141882615805119,0.05458175404582751,-0.10600388535913802,-0.023763007206806464
2016-08-05,9.164239938748029,0.18356953360310402,0.04011605247066852,-0.031264332000929304,0.0685483896105855,-0.010042390926962241
2016-08-06,9.164618106069318,0.10768167507257173,-0.03483984918617703,-0.04554593271624141,0.07187360224496978,-0.010833914377204934
2016-08-07,9.164995995784725,-0.7527905011462022,-0.030506077033164034,-0.08648813376360022,0.00032667340040940657,0.04032086994515183
2016-08-08,9.165373607804868,0.129272091948967,-0.08172747159551713,-0.0025262131227534916,0.06100604245949483,0.016370653823841508
2016-08-09,9.165750942038182,0.03753308657328784,0.012244988627523316,-0.010228847880870843,0.014834873974185769,0.007619812378200308
2016-08-10,9.166127998392442,0.2874039155981652,0.002275196206979394,0.06552532822765889,-0.13565248398739332,-0.004951615212249294
2016-08-11,9.16650477677685,0.014898623933452083,0.032835774592522335,0.0033356720248123952,0.05112617311193763,-0.01273109280669793
2016-08-12,9.166881277104027,0.1773077002362153,-0.03161486393610895,0.007592587236455922,-0.7567538739811872,0.004679731565106593
2016-08-13,9.167257499290976,0.10443944755118392,-0.016306853803015095,0.08122643443880617,-0.45424063346164073,0.015126088756893807
2016-08-14,9.167633443256646,-0.7544702493425907,-0.006351231632617065,0.016570593898656595,-0.266170033945771,0.017249204398844142
2016-08-15,9.168009108920119,0.13140459333123894,0.05231790920944941,0.08383447509467003,-0.02182594065610098,-0.028694816922341104
2016-08-16,9.168384496201186,0.047505984133583055,-0.007544778089140669,0.018234184578027605,-0.007856716906837629,-0.01439976362696882
2016-08-17,9.168759605025878,0.28437025486120193,0.004244607852367318,0.004989396408602931,0.0053623843763722,-0.034311047595357635
2016-08-18,9.169134435326407,0.013625948857782188,0.00525898920461863,-0.0011446119420322827,-0.06659836788512057,-0.01988739300286646
2016-08-19,9.169508987041967,0.1731832028441544,0.013065590382307745,0.03138028138825511,-0.06953954275926857,-0.033005863380898504
2016-08-20,9.169883260119242,0.10073770277953323,0.021922766591937273,0.04447185661357306,-0.08327891030643896,-0.03357142638200017
2016-08-21,9.170257254512535,-0.7488825033535247,0.0065209331252260375,0.0354571332701302,-0.0737917299880766,-0.054510109027088305
2016-08-22,9.170630970184797,0.132152004782694,-0.0035214002127575243,-0.026868818287834422,-0.026011363505265,-0.0118268652763458
2016-08-23,9.17100440710938,0.054467360519103086,0.024010334500346495,-0.0366220295352166,0.019906234148268562,-0.022970082787384882
2016-08-24,9.171377565265294,0.2797495461871522,-0.001800433445287665,0.0025242566107866217,0.03821561354058341,-0.029840991005162465
2016-08-25,9.171750444638112,0.008428706225229086,-0.04068806707457228,0.03961066971296912,-0.07112877977982761,-0.03775124157986198
2016-08-26,9.172123045220573,0.17209385778313402,-0.026564163566076163,0.033520635128040245,-0.04595679160059117,-0.017350977187534866
2016-08-27,9.17249536701401,0.1001725837074654,-0.07246959586443207,0.03037859257227403,-0.018177789212018354,-0.027735530430172517
2016-08-28,9.172867410025534,-0.7375628547357841,-0.042069577669062795,-0.02382012327261367,0.0903534570190724,-0.0267346400800772
2016-08-29,9.173239174269112,0.125718404613415,-0.00047568217871647375,0.05612513189980443,-0.15471389331901447,-0.018794876701170082
2016-08-30,9.173610659765512,0.056225671981557444,-0.008317055266737785,0.07232162536457215,-0.1272196794835936,-0.02666973155460539
2016-08-31,9.173981866541402,0.27642626963103367,0.004545535602202213,0.03618538121648477,-0.0014138553584899169,-0.03612316740323429
2016-09-01,9.174352794630275,-0.0019642449865554593,0.050825958090795584,0.06082524313288345,0.08982256393066675,-0.04993623733311203
2016-09-02,9.174723444074333,0.17628258412903094,0.07091450897899532,0.060522760296184815,0.015896452717041515,-0.10722059422096208
2016-09-03,9.175093814927202,0.10593010293141356,0.059914148049257945,-0.005435288301054483,0.017384397242164028,-0.05508159637935783
2016-09-04,9.175463907258825,-0.7208363410257189,0.049530677297454154,0.04710975842080278,0.045892863457613085,-0.0714413268202918
2016-09-05,9.175833721151948,0.11194677404820266,-0.03601623272311956,0.04608864294411896,0.03319659452122421,-0.03618334584299454
2016-09-06,9.176203256702252,0.050694762599017396,-0.03935762870303082,0.04853831764951121,0.10381259125398087,-0.023296581453170262
2016-09-07,9.176572514013856,0.2745482871884136,-0.0889126607317211,0.11883875063314872,-0.008307716233591039,-0.04848128080264935
2016-09-08,9.176941493198058,-0.018173302709150914,0.01248108551056817,0.00866939837871709,0.03637653402546848,-0.0379710285798609
2016-09-09,9.17731019437575,0.18378548298484546,0.009723291684332315,0.02079527788226389,0.027287265542431202,-0.03783420899745593
2016-09-10,9.17767861767599,0.11653702146606816,0.03837701426296718,0.0560878838181505,-0.02475287338754919,-0.0751062028779188
2016-09-11,9.178046763237873,-0.6952088574481221,-0.03338532670676458,0.008929079900077151,-0.006630357791779546,-0.0638523202908381
2016-09-12,9.178414631213156,0.0964669162909234,-0.01854512724297619,0.05006079825040782,0.05882130810087711,-0.01501621726071356
2016-09-13,9.178782221765317,0.0387617984996531,-0.01107399901074746,0.07941861206646032,-0.0048554047967819675,-0.08016164436134865
2016-09-14,9.179149535065243,0.2731098012333387,0.052180738596235274,0.048182638993972855,-0.102343659758391,-0.05104940678454639
2016-09-15,9.179516571295826,-0.03378673422989256,-0.009813770093483346,0.036414312152272255,-0.0006420031683123696,-0.05312058846001122
2016-09-16,9.179883330652139,0.18721538545841407,0.004190412594462813,0.0413516545940335,0.025117309156483712,-0.05485554860323205
2016-09-17,9.180249813339072,0.12731877956647916,-0.0007998340050377403,0.11162719991762701,-0.029419682754750986,-0.054254596098285646
2016-09-18,9.18061601957328,-0.6635607015213028,0.004111946812703077,0.09835030479013811,0.000149447271810833,-0.059919444821959544
2016-09-19,9.180981949581977,0.08341810563555138,0.02000063998312796,0.058450291489491185,0.007880308856672857,-0.05560162189608242
2016-09-20,9.181347603604497,0.025285734390467943,0.009577612883510146,0.053954604858704375,-0.0013140888605156689,-0.037980399376973395
2016-09-21,9.181712981890133,0.2735792753707176,0.003930383768271782,0.06613800754093518,-0.017013078878459306,-0.0857435788000327
2016-09-22,9.182078084698803,-0.04353760481223681,0.05902943947102142,0.1707239588993986,-0.10432679357849901,-0.11191939310883825
2016-09-23,9.182442912304843,0.18437211992962105,0.007747893781834731,-1.0240745819642696,0.9239286311220097,0.014411234753559654
2016-09-24,9.18280746499697,0.13333291596212896,-0.03149304417605373,-0.0055774707997947644,0.008415264765501283,-0.017862025120770397
2016-09-25,9.183171743067033,-0.6386276284985292,-0.019821216456078403,-0.004925282074067179,0.03170513029190671,-0.06470134219730284
2016-09-26,9.18353574681104,0.07094068665782008,-0.08463510130019221,-0.0023583565019718073,0.11790069585090773,-0.12331054545643916
2016-09-27,9.183899476537492,0.0177813758067401,-0.05116381962795862,0.03374562618814431,-0.004774899069298941,-0.06759573656850293
2016-09-28,9.184262932571961,0.2779303534065936,-0.009090105351053649,0.02702804308741594,0.020844633013600546,-0.04099910805724427
2016-09-29,9.184626115253188,-0.048019326820823605,-0.016039743250289663,-0.05650386272518063,0.04480031352224226,-0.08449409228579974
2016-09-30,9.184989024930559,0.17823947714193572,-0.009807299380142773,-1.5171236397438772,1.427838740919695,0.025219016956798512
2016-10-01,9.185351661963493,0.13318143792722748,0.046331772748149966,0.057649646766947046,0.07456849658408106,0.011289283431230146
2016-10-02,9.185714026711468,-0.6226013428298958,0.07143672723272917,-0.004310353335295264,0.1176024700680603,-0.05073601284323814
2016-10-03,9.186076119533533,0.05938863505553174,0.06824869511687802,0.0567120869556041,0.12147262318301441,-0.07021624710854013
2016-10-04,9.186437940797166,0.018559603736311284,0.05810849889318844,0.022593622657853,0.14463796091940806,-0.10483783582287032
2016-10-05,9.18679949088319,0.2868622161463733,-0.03751943383914154,0.06806193685774008,0.11159211389314753,-0.022589616727145767
2016-10-06,9.187160770187338,-0.04720718047596051,-0.04916477861084314,0.08866884649682101,0.08745373754264921,-0.019817967559189853
2016-10-07,9.187521779112155,0.1670274330689001,-0.09640113879328126,0.0013826060866187302,0.1064087062871297,-0.022992786494315354
2016-10-08,9.187882518064544,0.12318132746248134,0.012551436628991348,0.0468869590837857,-0.007556375545754277,-0.01365118173617752
2016-10-09,9.188242987455753,-0.6115670164497891,0.01739834693404436,0.05840724666709292,0.000563846577082772,0.01582420108929128
2016-10-10,9.188603187698792,0.054695030926643066,0.044366494372796966,0.00287729023673413,0.047838770338897094,-0.03100080899919888
2016-10-11,9.188963119207298,0.027500897903851573,-0.03518612687512002,-0.012791732252624885,0.07595675123888307,-0.0813436318435734
2016-10-12,9.189322782400044,0.2982078529067168,-0.02087750235727273,0.014105376443081309,0.0912703204284759,-0.0510037351068835
2016-10-13,9.189682177708663,-0.039094621911379364,-0.016061376735744752,-0.050044935261883035,0.05397943898070061,-0.044975527018165096
2016-10-14,9.190041305575395,0.14762820115896896,0.05189412389720722,0.015343226973878311,0.08400174661817184,-0.08132719315706716
2016-10-15,9.190400166451825,0.10402939875210922,-0.011987832805528106,0.006572519416159395,0.09020570448856309,-0.05053492863084763
2016-10-16,9.190758760803046,-0.6061815137169023,0.004149676158309596,0.11702727488532343,0.09920973519123709,-0.06735538825977727
2016-10-17,9.191117089104269,0.055596132609011424,-0.006967561195416985,0.019100307231434417,0.16468656692131084,-0.07128591229622039
2016-10-18,9.191475151843537,0.041984366475312486,-0.004906720622781684,-0.045419744812472504,0.07046814167644545,-0.040142689019072364
2016-10-19,9.191832949520528,0.31119108655280037,0.0184124144564542,-0.022049574707261422,0.11846433057296689,-0.07739935602548265
2016-10-20,9.192190482644701,-0.026428724337899334,0.013145907432083256,0.012218009193291218,0.049350864440389317,-0.030430508310422155
2016-10-21,9.192547751736965,0.12730745454487027,0.011581049930947763,0.02718444005034651,0.03566778651242496,-0.012995182667591365
2016-10-22,9.192904757324724,0.08278519605766951,0.09448812187193328,-0.0036875737070960262,0.052285641729755146,-0.0609357588149706
2016-10-23,9.193261499939775,-0.6099689766218283,0.016935168142241323,0.05140547592249158,0.019128959333739114,-0.062741878783525
2016-10-24,9.193617980124033,0.05731195326057385,-0.02198266275983883,-0.07454599035204866,0.0665332200086769,-0.040893657611325906
2016-10-25,9.193974198429933,0.05926546735790453,-0.01269931731040417,0.044193663961126776,0.04061007011169397,-0.03400167895278017
2016-10-26,9.194330155418031,0.3225869211567622,-0.09683767624631712,0.01909098438977022,0.01818594654615061,-0.042746447015339584
2016-10-27,9.194685851655864,-0.014786108618267887,-0.059858864508814606,0.020359603004633735,0.14774122929218375,-0.03657331477032422
2016-10-28,9.195041287718189,0.11766052677502956,-0.01777726112924946,0.02142595977847376,0.11103292026512379,-0.017892903218481138
2016-10-29,9.19539646418636,0.06243898940693562,-0.02374121200966569,0.024793178040925967,0.0482765384921458,-0.017881083378201268
2016-10-30,9.195751381645339,-0.6226343012817458,-0.023981084974022307,-0.01166170971181606,0.02253678653928816,0.020742662459760197
2016-10-31,9.19610604068151,0.05862743069960707,0.041856021835638184,0.022891874930546518,-0.31163969389780843,0.05996553907624147
2016-11-01,9.196460441876889,0.07417422240432053,0.07225047443541376,0.0459716989327853,0.12228875399565879,0.002687404691890549
2016-11-02,9.19681458580307,0.32904407623002896,0.07645822841656705,0.08255152539601937,-1.1636127023751637,-0.045575380165841395
2016-11-03,9.197168473031004,-0.008086881671767958,0.06589943390844416,0.07072103930982031,-1.0319603664972588,0.015593273349159276
2016-11-04,9.197522104135496,0.12278325573139084,-0.03952212530533557,-0.023891858162531716,-0.2031146494005772,-0.08855663783538859
2016-11-05,9.197875479693248,0.0458123779992169,-0.06007576307409657,-0.040640205093212874,-0.08359702208579932,-0.10262037270355684
2016-11-06,9.198228600293207,-0.6375653929539054,-0.10414300651421426,-0.08475654984431813,0.184572806333275,-0.038518661004065535
2016-11-07,9.198581466539743,0.06169189335592318,0.012423022264210465,0.011386452515566347,0.1841842226442819,-0.0870439700185468
2016-11-08,9.198934079047325,0.08285284912389451,0.025400508630854572,0.004612783571692014,0.09608902029848528,-0.016558781581254678
2016-11-09,9.199286438442089,0.32928137206601427,0.05093120684419662,0.08236821446049251,0.13890186412018612,0.005637129242586525
2016-11-10,9.199638545353935,-0.00437811945408715,-0.03698966189358142,0.013320385506675626,0.11856575844187037,-0.05286540259677963
2016-11-11,9.199990400413524,0.1338987484763045,-0.023436869416071496,0.02545017236389716,0.061508131823682775,-0.05579557612233721
2016-11-12,9.200342004259015,0.03524699743428125,-0.02123950109931342,0.09896994902378085,0.045798169153017376,-0.025312692684996918
2016-11-13,9.200693357537736,-0.644406246490449,0.05152792536713183,0.02826108526145453,0.08514953232492205,-0.04545985874698033
2016-11-14,9.201044460902912,0.06377564550560355,-0.014182994357744685,0.10110281316435896,0.06905562622704746,-0.05735064665976175
2016-11-15,9.201395315015406,0.0871023427165991,0.004036270862914054,0.028827626276385382,-0.004382451910324181,-0.01538668336256066
2016-11-16,9.201745920544644,0.3237260717574334,-0.013154625883356967,0.022804514091821857,0.061070967852415656,-0.017812014632607287
2016-11-17,9.202096278163719,-0.003978510569120838,-0.013885532394597229,0.009609576851035112,0.06324665874655871,-0.02146239385241877
2016-11-18,9.202446388548237,0.14607529984151227,0.017272503123605547,0.051967362907048766,0.030758193597840967,-0.022672429510736336
2016-11-19,9.20279625237708,0.030340827780619445,0.017172946139591052,0.06031991912386621,0.12289433072989489,-0.04368298831768769
2016-11-20,9.203145870333023,-0.6447526295823865,0.019492793435378793,0.04638346906015823,0.05998791360838942,-0.05019645259608296
2016-11-21,9.203495243105973,0.0611093237669202,0.1304430696686233,-0.020460779437772542,0.10685639787722896,-0.04249071188641018
2016-11-22,9.203844371394732,0.08909535549920952,0.025848611751315288,-0.026993246280175576,-0.0023328259958278197,-0.04547060596395802
2016-11-23,9.204193255905471,0.30975929895499626,-0.012323799271307806,0.00832523539283894,0.08422029035864756,-0.04410177769388213
2016-11-24,9.204541897352494,-0.005198966585901382,-0.005309009101294698,0.05377253858430999,-0.045323441258272375,-0.03512718643222357
2016-11-25,9.204890296457306,0.16147124248924358,-0.10898003126443868,0.04450428696029843,0.10504308344572189,-0.004220748473043656
2016-11-26,9.20523845394649,0.02434738738949225,-0.0680142804242389,0.036932949155135106,0.1352474365103537,-0.050779054677548174
2016-11-27,9.205586370549034,-0.6345672534121426,-0.02660018005040777,-0.0256499157412155,0.06105225186203241,-0.08854463308892235
2016-11-28,9.205934047001724,0.05240025856703511,-0.03125313523993224,0.04973413136764342,0.1270764576014358,-0.012598266409202807
2016-11-29,9.206281484053855,0.09528349666331193,-0.03831695985229691,0.0763536673854605,-0.018418479168014885,-0.06788938775049758
2016-11-30,9.206628682459563,0.29024542730666536,0.037338710234731336,0.022369209910596207,0.09351335524653862,-0.07871149537249522
2016-12-01,9.20697564298395,-0.002722377356753531,0.0735611915035844,0.06325857008694548,0.019834992680119453,-0.017599339586844565
2016-12-02,9.207322366403345,0.18257814982559833,0.0846027561381231,0.05043326508041795,0.14207430594320336,-0.006557927127213148
2016-12-03,9.20766885349729,0.016587338960408593,0.07307135778033251,-0.015817200785012406,0.07671344404469635,-0.0236063162771476
2016-12-04,9.208015105047075,-0.6253371304449783,-0.04215501689419295,0.045387737896331534,0.1219095000672091,-0.005505370671132326
2016-12-05,9.208361121834685,0.044621297493789513,-0.07218529303745311,0.04569938060287223,0.12116006772523892,-0.05003168795881585
2016-12-06,9.208706904644368,0.101465892905804,-0.11205005921882033,0.04323852131607602,-0.8056834392050832,0.016480940226809793
2016-12-07,9.20905245426475,0.269358383517724,0.0120242309652627,0.13077239078649983,0.051374830030230204,-0.0018168289432800577
2016-12-08,9.2093977714821,-0.004202525649955756,0.03350332895120761,-0.006838613089531532,0.15767530702272445,-0.05171617211025037
2016-12-09,9.209742857082077,0.20417415461966942,0.058000831515837736,0.016704970768441133,0.14726170472220684,-0.06423972537957567
2016-12-10,9.210087711857419,0.009108176361989496,-0.03868593274863414,0.051636958771668344,0.13038874873955117,-0.006883646321028891
2016-12-11,9.210432336610875,-0.6148450741200093,-0.026299474732488844,-0.016883338941663537,0.07897091987048281,0.0005079028816918907
2016-12-12,9.210776732145169,0.03699748636005725,-0.026516758821211753,0.046783073266888076,0.09437387248118735,-0.0027134363502430148
2016-12-13,9.211120899261541,0.10839079907825251,0.05122401925406059,0.07160670788574687,0.12265421413439444,0.0022907793475273053
2016-12-14,9.211464838759584,0.24757712704476723,-0.01653775439123964,0.04555550821360062,0.19574568494558994,-0.05745848124743169
2016-12-15,9.211808551438192,-0.006488604111024355,0.0038749572635281906,0.03661020474883134,0.19418065289851316,-0.040575321816445964
2016-12-16,9.212152038103575,0.22485748768865743,-0.019266988501176745,0.029344022903506767,0.15755477892607006,-0.061567283784219384
2016-12-17,9.21249529956994,0.001538252034623248,-0.022796105617927123,0.11091017386673284,0.20607704225495124,-0.02773120665216844
2016-12-18,9.212838336660345,-0.6027151703587432,0.016662285491164767,0.1054179560809274,0.24031532948672665,0.006357059280592381
2016-12-19,9.213181150201349,0.028757496984716024,0.021468975030828258,0.059353319933776606,0.3016201546626363,-0.027175595496878202
2016-12-20,9.213523741018978,0.11599472387397405,0.027717701608454836,0.04478317429027569,0.20546776115901086,-0.012879313812858229
2016-12-21,9.213866109939989,0.2254651334886184,0.16705191852864848,0.08177983122910056,0.035785347047843565,0.07012465566915971
2016-12-22,9.214208257789746,-0.008624009338072662,0.034768955317354834,0.179631689357696,0.18997979739076795,0.0666035665453073
2016-12-23,9.214550185378489,0.24503443438168965,-0.002550780505381857,-1.1256613377620064,1.455595085039414,0.04154542063791489
2016-12-24,9.214891893499757,-0.006771430252052732,0.002269361660004139,-0.005714678860167079,0.24836105161571287,0.016942264603670765
2016-12-25,9.215233382935436,-0.5893570983499474,-0.12088733213535668,-0.0036180146575855113,-8.518338397367042,0.016967459574496857
2016-12-26,9.21557465446382,0.019540741562613616,-0.07545864220216261,-0.00953818925979526,-0.9395384825663365,0.010025634651784188
2016-12-27,9.215915708859136,0.12402418086980666,-0.0355875784691912,0.025612419527830527,0.02567823620130391,0.0501673910833933
2016-12-28,9.21625654689079,0.2035867005261527,-0.03842353410802811,0.02704724069690336,-0.031240134662131956,0.027521605897240065
2016-12-29,9.21659716931552,-0.01050123495715288,-0.05315683257257242,-0.06585571907436358,0.18259333031783948,-0.03510070954559552
2016-12-30,9.21693757688307,0.2651657120762938,0.03263041538668427,-1.644328721447177,1.626721744811267,0.019640505288093024
2016-12-31,9.2172777703439,-0.01582621373588066,0.07533437304232178,0.0500717228604298,-7.7349418848133125,7.6900063883043845
